update,steps,episode_return,policy_loss,value_loss,entropy,approx_kl,agent
1,2304,-20.43880706402608,-0.0002657362125451,2.212432898581028,2.253227785229683,0.0001463218950163,mapping
2,4608,-20.97251830373497,-0.0013813219423659,0.2082142876461148,2.0324007868766785,0.0013276332055467,mapping
3,6912,-20.424903991661857,-0.0003514675044016,0.1815785858780145,2.0828061997890472,0.0001999853733123,mapping
4,9216,-19.935604852429943,6.920029099749536e-05,0.1525010364130139,2.0200180336833,0.0001267320744268,mapping
5,11520,-19.64501939225773,-0.0004369049754334,0.1374126798473298,1.9892217218875885,0.0001094912252068,mapping
6,13824,-19.68229940612014,7.797736205361616e-05,0.1541984174400568,2.253972828388214,5.0221918469459375e-05,mapping
7,16128,-20.160508455279853,-0.000195748211286,0.1048876955173909,2.046182818710804,6.033326262411265e-05,mapping
8,18432,-20.43784511070165,-0.0007515734678267,0.1359731270931661,2.0689447671175003,0.0004881040276214,mapping
9,20736,-21.88426891110913,-0.000151856434968,0.111250180285424,2.010427169501781,0.0003835754690221,mapping
10,23040,-21.920021281087735,-0.0002115340795777,0.0751602696254849,1.9385889694094656,0.0002974550805245,mapping
11,25344,-22.58027785796316,-0.0007487904176489,0.1017860062420368,2.2285503149032597,0.0002525094449307,mapping
12,27648,-22.22838449714375,-0.0004914014362561,0.0897719422355294,2.0289021134376526,0.0002759563653821,mapping
13,29952,-22.251085135021043,-0.0004506894688347,0.0912931743077933,2.088501453399658,9.414761939375951e-05,mapping
14,32256,-22.2226799726601,-0.0014856049702227,0.0987260993570089,2.042399503290653,0.0011765243911965,mapping
15,34560,-21.879396621463147,-0.000459959566001,0.0856674574315548,1.999425359070301,0.0003336392970672,mapping
16,36864,-22.3753382559909,-5.430127731009815e-05,0.1462438083253801,2.243820458650589,0.0001380818572253,mapping
17,39168,-23.552252451147226,-0.0011344833778821,0.0756397969089448,2.0398699790239334,0.0002683274994678,mapping
18,41472,-24.54616640340234,-0.00187982732296,0.0797152933664619,2.0908380299806595,0.0017275190942819,mapping
19,43776,-24.422800358118167,-0.0014726387895507,0.0708537488244474,2.0375400111079216,0.0021219665774828,mapping
20,46080,-23.9170679357277,-0.0010898086511588,0.0660165846347808,1.9970708787441251,0.000700119901214,mapping
21,48384,-23.1788417235269,-0.0025771343346908,0.0829466874711215,2.24946066737175,0.0022747717548807,mapping
22,50688,-23.448707078335485,-0.0016183278898501,0.1000259234569966,2.0176152735948563,0.0011736834977429,mapping
23,52992,-21.683421543265226,-0.0019802040917258,0.0590585793834179,2.0404718071222305,0.0016272521955518,mapping
24,55296,-20.69295279406554,-0.0006961702701049,0.0657732419203966,1.965223535895348,0.0008399660246014,mapping
25,57600,-21.986020200432232,-0.0020301586793417,0.0671008869539946,1.9661584496498108,0.0016715840678153,mapping
26,59904,-22.94972377652013,-0.000507633568759,0.1001948150806129,2.208755031228065,0.0009679665211276,mapping
27,62208,-23.096516249208108,-0.0004279197267654,0.0583508661948144,1.947834625840187,0.0005389784173151,mapping
28,64512,-22.76328392263943,-0.0012521958984608,0.0523473487701267,1.9900199249386787,0.0007210665068555,mapping
29,66816,-22.349345844478897,-0.0011602448802882,0.053593949181959,1.893673337996006,0.0014406186110262,mapping
30,69120,-22.70626145774404,-0.0010688257917637,0.0416460796259343,1.872974134981632,0.0010837766918838,mapping
31,71424,-22.297956957801844,-0.0007285817866254,0.0567196600604802,2.169912233948708,0.0004240096830711,mapping
32,73728,-20.06329204584115,-0.0017594522872362,0.0508203611243516,1.8560547083616257,0.0008955292387895,mapping
33,76032,-19.60652636188988,-0.0010925590837334,0.0438067803625017,1.9122284352779388,0.0008471099349662,mapping
34,78336,-19.996029896309757,-0.0016262912086959,0.0432402184233069,1.8299054577946663,0.0011702382219027,mapping
35,80640,-19.832051071614384,-0.0017763812850262,0.0446773848962038,1.802844539284706,0.001064450543039,mapping
36,82944,-20.052710937934567,-0.0015172578621205,0.0459172632545232,2.1040581315755844,0.0016825603719041,mapping
37,85248,-20.87486693914816,-0.0008117923689492,0.0502307992428541,1.802234455943108,0.0010023462897505,mapping
38,87552,-20.283819675619355,-0.0004957330969419,0.0385959944687783,1.8850927874445915,0.0004535811374605,mapping
39,89856,-20.40828255982345,-0.0001251404477974,0.0454920378979295,1.8019904047250748,0.0013871007022316,mapping
40,92160,-20.691445586165678,-0.000797453057708,0.0389674373436719,1.7923608273267746,0.0020193025836003,mapping
41,94464,-20.720706546962056,-0.0004471498379845,0.0464101508259773,2.0801564007997517,0.0007511223372205,mapping
42,96768,-21.185901056833305,-0.0006427787159029,0.0469095718581229,1.7927774041891098,0.0019530684400592,mapping
43,99072,-21.01592195807796,-0.0004965918677852,0.0670019255485385,1.8691880777478216,0.0006819658860877,mapping
44,101376,-21.75797153707453,-0.0004097941955983,0.0401168165262788,1.77178455889225,0.0004527287039448,mapping
45,103680,-22.194579124566417,-0.0009410740119872,0.0307623177068308,1.7779811918735504,0.0015804559192689,mapping
46,105984,-21.778857205121152,-0.0010877388531329,0.0396014179568737,2.024304211139679,0.0008637124173371,mapping
47,108288,-21.651545027006705,-0.0008051070053625,0.0405148477293551,1.746035419404507,0.0018109260788732,mapping
48,110592,-21.39618123274397,-0.0010024971943999,0.037241714191623,1.807707481086254,0.0007118761482413,mapping
49,112896,-20.76728639305838,-0.0008929607274694,0.0436505798716098,1.7050532698631289,0.0006923057682241,mapping
50,115200,-20.39154498177007,-0.0020523191916607,0.0421227070037275,1.684859685599804,0.0013651341670689,mapping
51,117504,-20.65937515898772,-0.0014158803722036,0.0488254725933074,1.961871422827244,0.0008529922328711,mapping
52,119808,-20.62576133274426,-0.0012261776850613,0.0350123485550284,1.6342992410063744,0.0012834872957354,mapping
53,122112,-20.452208734520077,-0.0003141479837217,0.0410493307281285,1.7392186522483826,0.000190783069971,mapping
54,124416,-20.91083149027356,-0.0003018160648732,0.0441791196353733,1.670775756239891,0.0038737692224357,mapping
55,126720,-20.33343499878755,-0.0007317795139493,0.031296421890147,1.6600473076105118,0.0038912101482916,mapping
56,129024,-20.131549479674685,-0.0010010982530527,0.0413274180609732,1.9150933250784876,0.001842214095657,mapping
57,131328,-18.64855337002792,1.2928845434440062e-05,0.0333345588296651,1.662901036441326,0.0002944606518061,mapping
58,133632,-18.381198244651863,-0.0011253315090774,0.0346475798869505,1.7397596910595894,0.0024103019538112,mapping
59,135936,-18.121627972478723,-0.0011742165861505,0.0382931823842227,1.65530526638031,0.000714699128063,mapping
60,138240,-18.49621510620091,-0.0009012678479317,0.0381501631345599,1.6450951099395752,0.0008515875206537,mapping
61,140544,-19.367998107821087,-0.0002657492772818,0.0504769596736878,1.9086657837033272,0.0004235906813189,mapping
62,142848,-20.141152713400025,-0.0005556234384269,0.0323103793198242,1.638419859111309,0.002029996157565,mapping
63,145152,-20.9889663132212,-0.00304662057028,0.0342355245957151,1.7264885902404783,0.0034032837207228,mapping
64,147456,-21.11916651681658,-0.0001378412362479,0.0384207221213728,1.655996061861515,0.0017561544159813,mapping
65,149760,-20.850187306600404,-0.0003460677560017,0.0308326449012383,1.6285673528909683,0.0028845932352447,mapping
66,152064,-20.020086769917995,-0.000174482180935,0.0391820576041936,1.9157357811927795,0.0011395213193989,mapping
67,154368,-19.050586241405707,-0.0008144375733157,0.0349255263572558,1.6440493166446686,0.0016878846396619,mapping
68,156672,-18.991558697685694,-0.0009719100421029,0.0287622768664732,1.7284852489829063,0.0017901681033233,mapping
69,158976,-18.56420191843224,-0.0003092594606641,0.0324592080432921,1.6407861486077309,0.0007441528119645,mapping
70,161280,-18.82554634947566,-0.0004902215081806,0.0303720165975391,1.6753120124340055,0.0018695029748414,mapping
71,163584,-19.019275116683637,-0.0012456639636866,0.0330617019208148,1.958571128547192,0.0009920363281455,mapping
72,165888,-19.121943403672773,1.020630178850783e-05,0.029863208415918,1.6931705102324486,0.0011779499598358,mapping
73,168192,-18.64777625387259,-0.0006956496302513,0.0315714901080355,1.7627776935696602,0.0006368599002194,mapping
74,170496,-18.578752963389363,-0.0011059237385906,0.0300412947544828,1.6854245588183403,0.0009922106849494,mapping
75,172800,-18.71856192306142,-0.0017029400430854,0.0276529412949457,1.648882582783699,0.0032357453948432,mapping
76,175104,-18.79971470654114,-0.0001752087478621,0.0295502874068915,1.951226189732552,0.0006291014779233,mapping
77,177408,-19.030093191752496,-0.0025675994931791,0.0278831751784309,1.6805056631565094,0.0021208664616602,mapping
78,179712,-19.55921269820133,-0.001499494787999,0.0406855430919677,1.7354594841599464,0.0017354524507027,mapping
79,182016,-19.764752361957655,-0.000614519519028,0.0250122536672279,1.6219209283590317,0.0008506336338945,mapping
80,184320,-19.34088463337868,-0.0016929993905958,0.0223017107928171,1.6065972670912745,0.0036355191833889,mapping
81,186624,-19.92927269955196,-3.382724379563662e-05,0.0333255891455337,1.8858627378940584,0.0009563232674862,mapping
82,188928,-19.43445004947749,-0.0004542017753313,0.0296195845585316,1.6169733628630638,0.001428938020682,mapping
83,191232,-18.63183703494351,-9.39855279840328e-05,0.0279694288037717,1.7190798670053482,0.0008952234029998,mapping
84,193536,-18.255915541738236,-0.0001438027556004,0.0297047133790329,1.6346019580960274,0.0003506663483802,mapping
85,195840,-17.974997437597512,-0.0010141207082294,0.0262836934998631,1.6042943447828293,0.0024924982467129,mapping
86,198144,-18.24703642518049,-0.0009637904804549,0.0310612792382016,1.9168632701039316,0.0023445899489868,mapping
87,200448,-17.703588567604974,-0.0018749621627117,0.0342157569248229,1.613177202641964,0.0032973790495734,mapping
88,202752,-18.46120091370019,-0.0007409956207311,0.0386517464648932,1.6960767731070518,0.0038042756674359,mapping
89,205056,-19.42604736576682,-0.0003890811599881,0.0318338164361193,1.5800461322069168,0.0005303092904745,mapping
90,207360,-19.129549457900183,-0.0011980682794753,0.0229182088514789,1.5654741525650024,0.002552981026557,mapping
91,209664,-18.91745121838651,-0.0014287669055698,0.038225301541388,1.875888541340828,0.0025289326102387,mapping
92,211968,-18.94164175791894,-0.0017219102069753,0.0275521804578602,1.6136266365647316,0.0020359378339283,mapping
93,214272,-18.523210451651217,-0.0002030765825414,0.0231336485594511,1.7192866802215576,0.0013273652802278,mapping
94,216576,-18.145591486867826,-0.0009349819731344,0.0277904322138056,1.6522989198565483,0.0025493590942776,mapping
95,218880,-19.25737755805055,-0.0007565456101398,0.0411292273784056,1.601714313030243,0.0030315275853354,mapping
96,221184,-19.59146932742621,-0.0002780206963974,0.0442480558995157,1.897706724703312,0.0016227947216975,mapping
97,223488,-20.1074096242057,-0.0006280881599423,0.0325533078284934,1.6267860308289528,0.0005255887374586,mapping
98,225792,-20.10384993551634,-0.0008286871734052,0.0314760017208755,1.6918876394629478,0.0010586642373387,mapping
99,228096,-20.520126554431343,-0.0015599255750911,0.0321056490065529,1.6180208176374435,0.0028943290093997,mapping
100,230400,-19.37892377896057,0.0002330416628461,0.0219381785718724,1.5983136519789696,0.0007864171159578,mapping
101,232704,-18.23349444554596,-0.0006251594370749,0.0324056028621271,1.8859901055693624,0.001261268456618,mapping
102,235008,-17.032367154109572,-6.746194573123421e-05,0.0248259031213819,1.6058452427387238,0.0008489258077841,mapping
103,237312,-16.635804503313622,-0.0007310089143983,0.0225824593799188,1.703005425632,0.0010107227930341,mapping
104,239616,-16.75819598562931,-0.0008424100283769,0.0262917436193674,1.6329229027032852,0.0020219372128293,mapping
105,241920,-18.04449157614293,-0.0029978985546929,0.0461215593386441,1.6282782405614853,0.0045170314308506,mapping
106,244224,-18.577950433550757,-0.0008598398507173,0.0316090766573324,1.9271075278520584,0.0013429237668687,mapping
107,246528,-19.030778214763373,-0.0011237424283636,0.0258767878403887,1.648031748831272,0.0020834995517336,mapping
108,248832,-18.642365873404803,-0.0002477914199643,0.0252498605987057,1.7502688318490982,0.001886174732931,mapping
109,251136,-18.12124272285999,-0.0004662371004194,0.0245786537416279,1.6441491022706032,0.0012853897527646,mapping
110,253440,-17.169280572601167,-0.0006057813192607,0.0204827073030173,1.655753217637539,0.0020781867204075,mapping
111,255744,-16.853033437329188,-0.0002631033649872,0.0274957227520644,1.971213921904564,0.0004392172080921,mapping
112,258048,-16.22533089617109,-0.0001546035525608,0.0242276715580374,1.7009494677186012,0.0004963189118522,mapping
113,260352,-16.11134617152042,-0.0005006808174182,0.0284467247547581,1.800660476088524,0.0033349975166048,mapping
114,262656,-16.273738381745112,-0.0006673168960939,0.0256619272986426,1.6786593571305275,0.0051467347426902,mapping
115,264960,-17.313366943884663,-0.0014829601910327,0.0282489926321432,1.6718811467289925,0.0017998438657337,mapping
116,267264,-17.53114953064256,-0.0010851983582382,0.0322255886858329,2.0100404545664787,0.002114228175982,mapping
117,269568,-18.630434611216728,-0.0007929390119695,0.0264705716399475,1.701134853065014,0.0031547407405822,mapping
118,271872,-18.906112182963128,-0.0004682565453953,0.0243423475185409,1.7670073807239532,0.0014280602789919,mapping
119,274176,-18.986513422690933,-0.0007306967833452,0.0247477013617753,1.642291523516178,0.0005883376241197,mapping
120,276480,-18.84527297781262,-3.353946213890957e-05,0.01869366702158,1.657770350575447,0.0016754845105929,mapping
121,278784,-18.79872135457289,-0.0014915805143876,0.031368994154036,1.9709151312708852,0.0021698475812728,mapping
122,281088,-18.899062917238744,-0.0003095793791614,0.0236219633370637,1.6834997907280922,0.0004541191767341,mapping
123,283392,-18.01159703934073,-0.0007302558233277,0.0240299205761402,1.7683751657605171,0.0043679964176198,mapping
124,285696,-18.259925828515865,-0.0018078145716471,0.0366962963016703,1.6731682270765305,0.0040505777556568,mapping
125,288000,-18.19615189253379,-0.0020460058850504,0.0219699102453887,1.6414888575673103,0.0040269363414861,mapping
126,290304,-18.39496419421939,-0.0002867635844899,0.0337490969104692,1.9600377678871157,0.0025074983739412,mapping
127,292608,-17.878174969802185,-0.0003229322167296,0.0244220150634646,1.6954723000526428,0.0009199683955153,mapping
128,294912,-17.79192890666676,-0.0007394501710046,0.0228685608599334,1.7831948101520538,0.0007698611786205,mapping
129,297216,-17.61096065789131,-0.0002838989239535,0.0253059092210605,1.688398227095604,0.0011561048221943,mapping
130,299520,-17.20456151365934,-0.0005489320460456,0.0213542470009997,1.667714312672615,0.0007833732819967,mapping
131,301824,-17.285892477499825,-0.000712862712261,0.0279034457635134,1.974285751581192,0.0008231709705468,mapping
132,304128,-17.012235602495696,-0.0004149220979141,0.0267087389947846,1.7008081302046776,0.0007217898286929,mapping
133,306432,-17.0775736443031,-0.001232102412833,0.0260401363484561,1.745803825557232,0.002071254333335,mapping
134,308736,-16.634353447109223,-0.0002225560953345,0.0320841462817043,1.6311071887612345,0.0065514565602976,mapping
135,311040,-16.48311740520332,-0.0009662108864681,0.0195211420650593,1.6175352334976196,0.0022830593497928,mapping
136,313344,-16.43602658141202,-0.0016524590442309,0.0364110122900456,1.939927026629448,0.0039531371933207,mapping
137,315648,-16.294393498558723,-0.000177986423201,0.0258351293159648,1.6294966638088226,0.0010715140136502,mapping
138,317952,-16.581547841038322,-0.0007471307631021,0.0261239440878853,1.7364083230495453,0.0018568031741147,mapping
139,320256,-16.71977517866553,-0.0011693480087918,0.0232057168614119,1.6554656773805618,0.001752964987544,mapping
140,322560,-17.45034002065144,-0.0012711244331108,0.0277540241368114,1.6478287428617475,0.0020917178435411,mapping
141,324864,-17.816362850887316,-0.0013145956601618,0.0309131023241207,1.945468045771122,0.0017959576787234,mapping
142,327168,-18.040920248269728,-0.001472301710439,0.029431301751174,1.6449977308511734,0.0015196066440997,mapping
143,329472,-18.27581490466752,-0.0025248194188962,0.0274830900598317,1.7668584287166595,0.006777804312277,mapping
144,331776,-18.13250333859184,-0.0006575944488657,0.02544742426835,1.6700939536094666,0.0006184358727397,mapping
145,334080,-18.115333917283124,-0.0007265148997311,0.0207923115231096,1.653164193034172,0.0029339081565922,mapping
146,336384,-17.705055047683153,-0.0008410442531183,0.0292005210649222,1.9672056511044504,0.0010404310716391,mapping
147,338688,-17.11989822238446,-0.0016907883865415,0.0217665766831487,1.6677692010998726,0.004876434683461,mapping
148,340992,-16.479524727126574,0.0001364475906484,0.0273725833976641,1.7632274478673935,0.0014749574865062,mapping
149,343296,-16.468579442496615,-0.0006010402537728,0.0226331973681226,1.6574228778481483,0.0030206262990759,mapping
150,345600,-16.61991364492654,-0.0024536497840017,0.0234858794137835,1.6498307436704636,0.0039527262072927,mapping
151,347904,-16.79649378234214,-0.0013835650992304,0.0356684506405144,1.9531719908118248,0.0026061355044172,mapping
152,350208,-17.060147525316502,-0.0002474077242706,0.0215475257718935,1.6847669184207916,0.0009916362454936,mapping
153,352512,-17.083801901890286,-0.0006620884526758,0.0263590334216132,1.7564125284552574,0.0016835418540116,mapping
154,354816,-17.684690609572854,-0.0010716025179944,0.0241234841523692,1.6465430781245232,0.0028502396098701,mapping
155,357120,-17.14034771335061,-0.0017992816312168,0.0186526769539341,1.6576897278428078,0.0025847474715495,mapping
156,359424,-17.324048244053706,-0.0011656529616427,0.0257000913843512,1.985930256545544,0.001872179776405,mapping
157,361728,-17.443835698413267,-0.0015549733181817,0.0267729363404214,1.6472927406430244,0.0026653969774896,mapping
158,364032,-17.340153619163797,-0.0009114938976482,0.0227486268850043,1.7398730367422104,0.0021637018198816,mapping
159,366336,-17.524353863785926,-0.0005888748702255,0.0234373599523678,1.6160187497735023,0.0039039537916525,mapping
160,368640,-17.36876388822026,-0.000899879874017,0.0329384224023669,1.602225922048092,0.0029582274567777,mapping
161,370944,-17.434329484602788,-0.0001387151125287,0.0280809184769168,1.9323264807462688,0.0004766413502087,mapping
162,373248,-17.213983225166196,-0.0008117885766599,0.0224624823313206,1.6530314534902573,0.0011760117763057,mapping
163,375552,-17.19358041491992,-0.0001702287790155,0.0243768334621563,1.7448973208665848,0.0008987423274473,mapping
164,377856,-17.54620943916605,-0.0017243523650765,0.0270557543262839,1.6436272114515305,0.0032915348709063,mapping
165,380160,-17.99126134890915,-0.0004629826201683,0.0255363003816455,1.6252846494317057,0.0008075815090427,mapping
166,382464,-17.942937322866182,-0.0010735588881389,0.0301579687511548,1.9256859570741651,0.0012219994850966,mapping
167,384768,-17.807098363871184,-0.0008620532026321,0.0224369646748527,1.643060438334942,0.0013425960329035,mapping
168,387072,-17.799785022884457,-0.0007014868547483,0.0226226773811504,1.733745165169239,0.0014258316460124,mapping
169,389376,-17.802760247646287,-0.0014184063689349,0.0330534161766991,1.6326729506254196,0.00278735698147,mapping
170,391680,-17.968868924889637,-0.0021395581288743,0.0291704782284796,1.6452081128954887,0.0053492205107532,mapping
171,393984,-17.575874727807545,-0.0007802569191678,0.0275284769013524,1.946353413164616,0.0019840862844628,mapping
172,396288,-16.76761381726839,-0.0003127050617371,0.0247865517158061,1.6683810874819756,0.0020606360796541,mapping
173,398592,-16.74814142584499,-0.0035745275716989,0.0240138531662523,1.7364243119955065,0.0091272848078713,mapping
174,400896,-16.97684567176608,-0.0012705125299892,0.0239257417852059,1.6405451223254204,0.0076391365704087,mapping
175,403200,-17.1824618997909,-0.0006067665851787,0.0217818285454995,1.6126292273402214,0.0020933915859334,mapping
176,405504,-16.831521376203526,-0.0006136751371615,0.0249329131329432,1.945146627724171,0.0020867402749394,mapping
177,407808,-17.08281016280994,-0.0016525254617994,0.0281328890705481,1.656257390975952,0.0018975010332522,mapping
178,410112,-16.59673924986057,-0.0003927814779874,0.0258119389181956,1.7608165964484217,0.0022687374529116,mapping
179,412416,-16.780893766565118,-0.0008275748550405,0.0231068398570641,1.62273757904768,0.0023463572969275,mapping
180,414720,-15.9719667974648,-0.0008490771180933,0.0242444222094491,1.625201337039471,0.0025290776108022,mapping
181,417024,-16.04766355085263,-0.0019518774831037,0.0253787642577663,1.9159489423036573,0.0065325170053256,mapping
182,419328,-15.979139447017692,-0.0003899876033604,0.0231729442020878,1.655517853796482,0.0007420666183608,mapping
183,421632,-16.161971642895175,-0.0015788146954744,0.0282191752921789,1.7388433068990707,0.0018583157664882,mapping
184,423936,-16.430859997192833,-0.0009585663953354,0.0224258247762918,1.616007834672928,0.0012534046436485,mapping
185,426240,-16.782177174767472,-0.0012292898110091,0.0169830992235802,1.6352700144052503,0.0018000749630826,mapping
186,428544,-17.12913585604578,-0.0004963181308741,0.0259722720365971,1.9359540045261383,0.0024654905981201,mapping
187,430848,-17.49043385194619,-0.0005165379371495,0.0260434554656967,1.6481050848960876,0.0008796673216945,mapping
188,433152,-17.948297218699423,-0.0004586104434767,0.0299274406861513,1.723331794142723,0.0017541587899864,mapping
189,435456,-17.737451434061203,-0.0011243668159547,0.0230426517082378,1.6362711191177368,0.0027889883376954,mapping
190,437760,-17.62493689806255,-0.0020397241783787,0.0191026425454765,1.6313054487109184,0.0031921956247566,mapping
191,440064,-17.446629545961642,-0.0015603478950652,0.0272453769575804,1.9496035873889923,0.0059170775508997,mapping
192,442368,-17.0535788447389,-0.0008996889389183,0.0250296883750706,1.6430681347846985,0.0028254931528661,mapping
193,444672,-16.942637827171925,-0.0007867260618594,0.025622199755162,1.7601681128144264,0.0043589042688836,mapping
194,446976,-16.889838865607047,-0.0004823052846442,0.0253123955335468,1.6265221163630486,0.00139751650675,mapping
195,449280,-16.465611164878066,-0.0013630937079748,0.0198896636720746,1.6069782450795174,0.0035624677048973,mapping
196,451584,-17.005861334753106,-0.0009867672481126,0.0335960492957383,1.9447440207004547,0.0018875799753712,mapping
197,453888,-17.211641086124178,-0.002135451769896,0.0200372396502643,1.648316152393818,0.0037580659513373,mapping
198,456192,-16.792696955062006,-0.0018444510334221,0.0235413160407915,1.7280675023794174,0.0036812058060604,mapping
199,458496,-16.57221960833533,-0.0011088520257342,0.0241452859481796,1.6700222864747047,0.003731529568136,mapping
200,460800,-16.847639135908242,-0.0007194043247283,0.0288254948100075,1.658949963748455,0.0007457726602903,mapping
201,463104,-16.489664702196727,-0.0002037938356806,0.0286364933708682,1.9697058349847796,0.0016739590441387,mapping
202,465408,-16.01832589139221,-0.0012245322912147,0.0242695648921653,1.6550229042768478,0.0018357994655262,mapping
203,467712,-16.132797161529357,-0.0017514138155295,0.026665634708479,1.724925585091114,0.0035941339512848,mapping
204,470016,-16.118818226028164,-0.000457362335712,0.0259245454799383,1.6260356158018112,0.0027549992535366,mapping
205,472320,-16.669161116587382,-0.0015468417099668,0.0344228135654702,1.5954313278198242,0.0022156393202345,mapping
206,474624,-16.474078383770532,-0.0004836093818185,0.0302629027282819,1.9196709543466568,0.0006215182716005,mapping
207,476928,-15.828407235327258,-0.0012803020703258,0.0298075042665004,1.6468214765191078,0.0020421616009242,mapping
208,479232,-16.351206063711267,-0.0017618656222313,0.0230112859280779,1.7311670035123825,0.0030897277383701,mapping
209,481536,-16.15453930837773,-0.0010954342201835,0.0337320676771923,1.590202473104,0.0021419386542523,mapping
210,483840,-16.152577349262714,-0.0029836155828585,0.0220103202154859,1.570954218506813,0.0050073014532346,mapping
211,486144,-15.585702232685266,-0.0001928133636587,0.0266463384032249,1.912808082997799,0.0005559147277583,mapping
212,488448,-15.934907281609243,-0.0018380279443085,0.0255750848446041,1.6110501140356064,0.003379560304994,mapping
213,490752,-15.87921956452145,-0.0003146231534477,0.0256845614640042,1.6953129693865776,0.0015478961390221,mapping
214,493056,-15.268902837272348,-0.001070363746597,0.0264441797044128,1.5861344784498217,0.0053634244308113,mapping
215,495360,-15.31150101978404,-0.0002785890015325,0.0266995870042592,1.5501583442091942,0.0028926738167582,mapping
216,497664,-15.169456719654834,-0.0020105501732561,0.0268616430694237,1.902393773198128,0.0052876185653884,mapping
217,499968,-15.376959246608507,-0.0015646694608998,0.0236930149840191,1.6226942017674446,0.0018281345905961,mapping
218,502272,-15.578908584672732,-7.037791086383915e-05,0.0287884292192757,1.6844706907868383,0.0037297151484381,mapping
219,504576,-15.422156507714826,-0.0009329208612851,0.0236406060867011,1.5613870024681091,0.0008794670979612,mapping
220,506880,-15.2235427699215,-0.0011092534050476,0.0200933297164738,1.5631748512387276,0.0028052295937312,mapping
221,509184,-15.381438682591492,-0.0018005928002619,0.02647925412748,1.859544962644577,0.0025422399751278,mapping
222,511488,-15.55020837499752,-0.0005486276735508,0.0197373568662442,1.5831372514367104,0.0007519615146268,mapping
223,513792,-15.169965430660843,-0.0011454624822262,0.0307293531950563,1.6395922154188156,0.0016281024440508,mapping
224,516096,-15.296727883663332,-0.0005094740315725,0.028673728229478,1.5638545155525208,0.0012312457592113,mapping
225,518400,-15.762621164886534,-0.001882554424507,0.0173080009408295,1.5286019071936607,0.0039699181611973,mapping
226,520704,-16.08928246884427,-0.0006768149899869,0.0227106575621292,1.875750683248043,0.0014468958436787,mapping
227,523008,-15.913491922141654,-0.0020768459606743,0.0273861717432737,1.5466862097382543,0.0024689592347992,mapping
228,525312,-16.06990644859755,-0.0008056861303329,0.0214674610178917,1.629758007824421,0.0011049823709754,mapping
229,527616,-16.4463208018591,-0.0007582663820357,0.024269055109471,1.5456898584961891,0.0018263524853965,mapping
230,529920,-15.937810964870518,-0.0015793539055266,0.0173853175947442,1.5287025645375252,0.0032786254003996,mapping
231,532224,-16.035121273642805,-0.001212894954771,0.0270594066241756,1.8480893895030024,0.0043209393309792,mapping
232,534528,-16.081847512991377,-0.0004769514071243,0.0278007484739646,1.5669193789362907,0.0017458994142442,mapping
233,536832,-16.08661551315851,-0.0016005783701681,0.0345173650421202,1.6411791369318962,0.0019797075187726,mapping
234,539136,-16.379779950336076,-0.0009427172303478,0.0230280697578564,1.5607356652617457,0.0016376333406798,mapping
235,541440,-16.690663400971662,-0.0018051762213467,0.023773870547302,1.5105028674006462,0.0038523890193573,mapping
236,543744,-16.85418330809755,-0.0003599751052358,0.027885942836292,1.8559059873223305,0.0014226159214053,mapping
237,546048,-16.76678621212844,-0.0016950562002825,0.0221434656996279,1.5434284135699272,0.0045934966448031,mapping
238,548352,-16.14725997836739,-0.001464903568477,0.0213411339791491,1.6412311494350431,0.0031090100686697,mapping
239,550656,-16.409084094571732,-0.0010158475060077,0.0270180056104436,1.5840337947010994,0.0023762948461707,mapping
240,552960,-16.07618743428231,-0.0015381483096159,0.0153910363442264,1.5389475524425509,0.0058253946998674,mapping
241,555264,-16.214833933038225,-0.001298002200858,0.0347423371858894,1.874502584338188,0.0023825931023237,mapping
242,557568,-16.599823523137665,-0.0016960049135074,0.0271136263618245,1.5846872851252556,0.0023695470351867,mapping
243,559872,-16.98303185024884,-0.0013396136899849,0.0227410728111863,1.662755824625492,0.0019434154794137,mapping
244,562176,-17.146338623818107,-0.0007663493120162,0.0223739276407286,1.5838889479637146,0.0010463630523847,mapping
245,564480,-17.207109178073015,-0.0007447496048169,0.0212328232591971,1.5405642241239548,0.0009113433825405,mapping
246,566784,-17.089196634379576,-0.0023520038013581,0.0278077838011086,1.822675384581089,0.0030088387262468,mapping
247,569088,-16.92346130210374,-0.0007773613106615,0.0245482502505183,1.6060674116015434,0.0010921713476869,mapping
248,571392,-16.216476426279506,-0.0005286710651514,0.0222772931447252,1.6408131569623947,0.0032163456216949,mapping
249,573696,-16.06084670357734,-0.0009686902323867,0.0272570321103557,1.5653044432401657,0.001144959058062,mapping
250,576000,-16.28250236809678,-0.0005475554435684,0.0205266264965757,1.517657391726971,0.0018850254415509,mapping
251,578304,-16.224814795626067,-0.0001839159645997,0.0252451963024213,1.8485750555992129,0.0008964322049488,mapping
252,580608,-16.066395243717427,-0.0015679818729444,0.0188398009631782,1.5785361304879189,0.0020610605853208,mapping
253,582912,-16.444122716619514,-0.0004036904482897,0.0274355261353775,1.6465082168579102,0.0006264191448318,mapping
254,585216,-16.486526730442232,-0.0014197222103575,0.0221194948535412,1.5326203852891922,0.0030370582389878,mapping
255,587520,-15.763665823695938,-0.0006313363806687,0.0183966286713257,1.4986203759908676,0.0018969083432441,mapping
256,589824,-15.47931190608677,-0.0001477779474549,0.025633055716753,1.8391003832221031,0.0010392924531414,mapping
257,592128,-15.444999440981228,-0.0011145826472077,0.0215364365139976,1.580620177090168,0.0026769548188036,mapping
258,594432,-15.279003213895702,-0.0008810681575192,0.0235463114222511,1.635859452188015,0.0013172149593982,mapping
259,596736,-14.913168095248428,-0.0009345084929716,0.0259902996476739,1.5572424456477163,0.0039210369644327,mapping
260,599040,-14.916062442920492,-0.0015059041763581,0.0194669945049099,1.5317032635211945,0.0023187866321576,mapping
261,601344,-14.840386889280971,-0.0005706518105752,0.020636283326894,1.848547838628292,0.0012812939002186,mapping
262,603648,-15.357178772377202,-0.0005303421617826,0.0252817345317453,1.5618077889084816,0.0010481580524128,mapping
263,605952,-15.240281658207753,-0.0018499614716221,0.0221555611351504,1.660135306417942,0.0026552564720532,mapping
264,608256,-15.703068511481552,-0.0002777852900332,0.0352611561538651,1.581016644835472,0.0008659980113508,mapping
265,610560,-16.27525407727834,-0.0011857672952323,0.0203650741023011,1.5594816505908966,0.0011824345570453,mapping
266,612864,-16.228465666728475,-0.0005270819992778,0.026535079232417,1.8479137942194936,0.0012953705573611,mapping
267,615168,-16.11369959203687,-0.0007780998368818,0.0205107001820579,1.6066884696483612,0.0016811235153808,mapping
268,617472,-15.92784288234634,-0.0011555299166477,0.0229468980105593,1.649122230708599,0.0023457321265267,mapping
269,619776,-15.838290566297882,-0.0005657404096584,0.027018996188417,1.5627733245491982,0.0012730411870052,mapping
270,622080,-15.81051444996017,-0.0007047487826336,0.0213045232230797,1.5273425728082657,0.0012765621288855,mapping
271,624384,-15.946831207630666,-0.0002984894675439,0.0313580136280506,1.8333613723516464,0.0011711673110362,mapping
272,626688,-15.366398869475445,-0.0009562523964127,0.0231094063492491,1.5861653611063955,0.0021936819962825,mapping
273,628992,-15.34048823787577,-0.000579901967487,0.0202846387401223,1.6274490505456924,0.00153302921707,mapping
274,631296,-15.723992667898584,-0.0007465328787676,0.031969089526683,1.5532232224941254,0.0009785229984926,mapping
275,633600,-15.804405416958232,-0.0017029508478848,0.015465096803382,1.5243964046239853,0.0029383305136434,mapping
276,635904,-15.320434824546536,-0.0004642690874258,0.028076259070076,1.8332979679107664,0.0010837510122251,mapping
277,638208,-15.034008181497043,-0.0006508117838469,0.0221975403837859,1.5426265448331833,0.0008085701466155,mapping
278,640512,-15.878146046925838,-0.0019577262945252,0.0322330214548856,1.600242801010609,0.0026353904156874,mapping
279,642816,-16.16919059874558,-0.0014865155707247,0.0213611545041203,1.5156180039048197,0.0030374264142633,mapping
280,645120,-16.514675015879053,-0.0003443221431148,0.0198929785983636,1.486564740538597,0.0005688841974031,mapping
281,647424,-16.433215596131276,-0.000425882890896,0.0261907069943845,1.840504311025143,0.0012379674857609,mapping
282,649728,-16.530053137176868,-0.0004218010425979,0.0227417942369356,1.5720791444182396,0.0003547878886378,mapping
283,652032,-16.09153363994921,-0.0013237864856516,0.0244856120552867,1.648352101445198,0.0021430836275158,mapping
284,654336,-15.191577617231747,-0.000400859484873,0.0206842655315995,1.5657349154353142,0.0005420728296283,mapping
285,656640,-15.082190283794937,-0.0007696041535357,0.0182059326907619,1.517031379044056,0.0011159820283587,mapping
286,658944,-14.974742614068695,-0.0009994165482364,0.0263946905033662,1.8218145444989204,0.0009812360978129,mapping
287,661248,-15.19728552381635,-0.0006619887543719,0.0286184096476063,1.5821543410420418,0.0026613200916472,mapping
288,663552,-15.183144682459831,-0.000891504587252,0.0220126154599711,1.6620068401098251,0.002115345408937,mapping
289,665856,-15.896033190540471,-0.0012136546878814,0.0202398163964971,1.5399728268384931,0.0007840820608306,mapping
290,668160,-15.743701109035957,-0.0010225639084385,0.0166909890249371,1.4970574751496315,0.0012423733783432,mapping
291,670464,-15.403181041254776,-0.0006055174853953,0.0274815073935315,1.8336040005087848,0.0010611196176581,mapping
292,672768,-15.658365558492887,-0.0008733900945622,0.0255448516691103,1.577646479010582,0.0015436276737672,mapping
293,675072,-15.574345060055633,-0.0003174306524837,0.0217141943285241,1.63717719912529,0.0004283082635778,mapping
294,677376,-15.41047694740711,-0.0001983768748409,0.0226695775054395,1.546625129878521,0.001805566332365,mapping
295,679680,-15.005397665745122,-0.0012126943722452,0.0180102938902564,1.536035232245922,0.001603027394948,mapping
296,681984,-14.865361561156648,-0.0001487920472729,0.0262371973367407,1.8556421995162964,0.0007413621877074,mapping
297,684288,-15.416198130762696,-0.0006563420488924,0.0206864157808013,1.560290925204754,0.0026468621804269,mapping
298,686592,-15.325945764121638,-0.0011250774239215,0.0227500284090638,1.6367815509438517,0.0030729672157576,mapping
299,688896,-16.022650551878048,-0.0011981272449095,0.026084626908414,1.5452617034316063,0.0028784683624457,mapping
300,691200,-15.5759727077506,-0.0009110974637628,0.0200777848949655,1.4864265620708466,0.0017775687142476,mapping
301,693504,-15.680273069507296,-0.0005811609475093,0.0333012203918769,1.82302625477314,0.0006630564265606,mapping
302,695808,-15.431290294968449,-0.0005107392241067,0.020976859726943,1.5872372761368752,0.0009554948334324,mapping
303,698112,-14.847593387006729,-0.0009946843850785,0.0191781999892555,1.6196222826838491,0.0016987136686515,mapping
304,700416,-14.499444879806504,-0.0003852873676745,0.0249542767414823,1.5311951711773872,0.0011367874266675,mapping
305,702720,-14.273249078492736,-0.000631529481628,0.0253944555297493,1.490653969347477,0.0012544374814448,mapping
306,705024,-14.52777182557734,-0.000457479127312,0.0243043835507705,1.8347759917378423,0.0018983839934334,mapping
307,707328,-14.812879266953267,-0.0011602505947697,0.0250003419350832,1.579362951219082,0.0008925465825263,mapping
308,709632,-15.42026197245906,-0.0011046743592386,0.0205861629219725,1.651246853172779,0.0022915565062299,mapping
309,711936,-15.875112912281434,-0.0004661245998755,0.0306071204831823,1.5186823606491089,0.0013308869991861,mapping
310,714240,-16.14207971529842,-0.0008044812708855,0.0195921714184805,1.4776068180799484,0.0018846323166851,mapping
311,716544,-16.007347998679382,-0.0022230239352312,0.0283610379556193,1.826576054096222,0.0026261815868969,mapping
312,718848,-15.451421126317037,-0.0012685118243906,0.0221950596896931,1.5888521671295166,0.0033558350478415,mapping
313,721152,-15.804378565302269,-0.0008560993659456,0.0262729520909488,1.6140944734215736,0.0022560067631868,mapping
314,723456,-15.491367598665176,-0.0019784304994724,0.0252371181850321,1.5255102664232254,0.0031126000948802,mapping
315,725760,-15.468193353724471,-0.0008837880443226,0.0188249963102862,1.4648399353027344,0.0033501514757416,mapping
316,728064,-15.893428134513044,-0.000360371073182,0.025647199829109,1.8308907821774485,0.0004817498102056,mapping
317,730368,-15.9742992151908,-9.690927552380436e-05,0.0205318143125623,1.5577483773231506,0.0004751947682406,mapping
318,732672,-15.707071521812916,-0.0019913864978964,0.0258959543425589,1.6018998250365255,0.003065488323058,mapping
319,734976,-14.961764372772771,-0.0011347958378186,0.0220966624910943,1.5479403287172318,0.0024247773999377,mapping
320,737280,-15.150913282707023,-0.0007455424564568,0.0152389361755922,1.486045867204666,0.0037147688241248,mapping
321,739584,-15.29083274798522,-0.0003687440379912,0.0248744804412126,1.81916568428278,0.0009364869604395,mapping
322,741888,-15.5070762828717,-0.0011084800121605,0.0253337163012474,1.5494301170110705,0.0017587324206766,mapping
323,744192,-15.57455578833229,-0.0007852139792703,0.0300620063208043,1.6222271248698237,0.0033264885541181,mapping
324,746496,-16.10653069390656,-0.0012551261746472,0.0183874309877865,1.5417448356747627,0.0021749518902096,mapping
325,748800,-16.48004204051679,-0.0013740529407818,0.0175986671238206,1.4986280649900436,0.0014490880550207,mapping
326,751104,-16.454379138724413,-0.0015017293999588,0.0243221481796354,1.842592149972916,0.0020135809517935,mapping
327,753408,-16.228837929360665,-7.179200181579165e-05,0.0224154496681876,1.5777539610862732,0.0002589280534266,mapping
328,755712,-15.72517264688587,-0.0004643161089208,0.026325301034376,1.635622724890709,0.0005368062759727,mapping
329,758016,-15.641398240624708,-0.0005318118540142,0.0215934622101485,1.5735018104314804,0.0004376843392764,mapping
330,760320,-15.14711959380873,-0.0010185460110077,0.0142977298237383,1.5153163820505142,0.001417870806806,mapping
331,762624,-14.779918383920869,-0.0003319706692208,0.0237890098942443,1.8502976298332212,0.0007060317823288,mapping
332,764928,-14.749910647475987,-0.000308450411192,0.0274789463728666,1.5564610213041306,0.0008345738934565,mapping
333,767232,-14.92812246988848,-0.0001776702470882,0.0182120357058011,1.620274007320404,0.0008185309831879,mapping
334,769536,-14.817582867454725,-0.000397970164133,0.0242520904866978,1.5386266335844994,0.0002476268323334,mapping
335,771840,-14.491546510849965,-0.0019484296188037,0.0213215278927236,1.495351880788803,0.0030945938647669,mapping
336,774144,-14.388362726495666,-0.0005693465341747,0.0298317124834284,1.844092644751072,0.0012889442686072,mapping
337,776448,-14.547142391306862,-0.0006772737979758,0.0244893522467464,1.604939065873623,0.001579024291459,mapping
338,778752,-14.484478247431174,-0.0013759665394527,0.0224779943237081,1.6395721957087517,0.001305695908867,mapping
339,781056,-14.875499088621677,-0.0010491152938811,0.0268632865045219,1.5215768739581108,0.0014473101255639,mapping
340,783360,-15.166499949491133,-0.0005658308176761,0.0171641392516903,1.468211494386196,0.001151409180734,mapping
341,785664,-15.126843163816398,-0.0005811603280992,0.0294709377922117,1.853751190006733,0.0022716218285394,mapping
342,787968,-15.305957756276593,-0.0008897510821649,0.0226691281422972,1.5736431553959846,0.000949183696207,mapping
343,790272,-15.310933064830031,-0.0005770330306076,0.0202959807938896,1.626447819173336,0.0019714264631273,mapping
344,792576,-15.235366299393796,-0.0004157909800142,0.0256959635298699,1.528934210538864,0.0004940991999831,mapping
345,794880,-14.534336326360169,-0.0002310352670065,0.0197921319631859,1.4901032596826551,0.0004899004047729,mapping
346,797184,-14.530780963456763,-0.0013260845737224,0.0291401459835469,1.827890820801258,0.0031403191912886,mapping
347,799488,-14.313216383995636,-0.001671724493412,0.0259735189611092,1.5656033605337143,0.0018869765662101,mapping
348,801792,-14.660319881547109,-0.0002768572275171,0.0192499283002689,1.630407698452473,0.0008575730181645,mapping
349,804096,-14.552109012222497,-0.0003878218561415,0.0190492467954754,1.5310288816690445,0.0006293656472785,mapping
350,806400,-15.078879705088184,-0.00041767142448,0.0365473822457715,1.5148383751511574,0.0005043253114409,mapping
351,808704,-15.380556290643018,-0.0006235361529181,0.0234760902822017,1.8468481674790385,0.0012513779960525,mapping
352,811008,-15.214293278679405,-0.0008305083386706,0.021595693193376,1.586651474237442,0.0004941290381452,mapping
353,813312,-15.011138467921365,-0.000964527648067,0.0250335833989083,1.619420975446701,0.000825017906594,mapping
354,815616,-14.521611209462636,-0.0002330981624507,0.0249503027880564,1.5496491715312004,0.0006425030969694,mapping
355,817920,-14.45448982076492,-0.0017434423507943,0.0172523654764518,1.5316672250628471,0.002934174895472,mapping
356,820224,-13.898633006197649,-0.0003484279006692,0.0239242948591709,1.86153706908226,0.0009478475181039,mapping
357,822528,-14.047047517434576,-0.0007121989023251,0.0225398438051342,1.6050739139318466,0.0016829990600292,mapping
358,824832,-14.713710772905417,-0.0005360896817971,0.026370795094408,1.6736185476183891,0.0008674962717647,mapping
359,827136,-15.1694472647741,-0.0007890353994702,0.0284484747098758,1.5897145047783852,0.0018460334656032,mapping
360,829440,-15.610362911795836,-0.0011987662208841,0.019454360124655,1.5192584544420242,0.003090275472333,mapping
361,831744,-15.842852547599785,-0.000464637289143,0.0220640405314043,1.8570144400000568,0.0018777923600307,mapping
362,834048,-15.914388241749652,-0.0008922696013339,0.0195326199172996,1.5896606668829918,0.0008536331459178,mapping
363,836352,-15.60532784743642,-8.509473487569585e-05,0.0250087565509602,1.648890256881714,0.0001738773194088,mapping
364,838656,-15.193657101808284,-0.0008897714362269,0.0216519612586125,1.584645852446556,0.0022427656633744,mapping
365,840960,-14.607930788776835,-0.000984128486127,0.0185329752857796,1.5219226405024529,0.0018409533999046,mapping
366,843264,-14.49112829365334,-0.0017109225759162,0.0227217983920127,1.8658380582928655,0.001832621192092,mapping
367,845568,-15.025462913662444,-0.0001003571265603,0.0282233610050752,1.568763293325901,0.000347594050355,mapping
368,847872,-15.479724940517055,-0.0007750336091905,0.0283851162530481,1.6271706074476242,0.0014762488191182,mapping
369,850176,-16.116524550817424,-0.0008100266846263,0.0239906986244022,1.539456732571125,0.0011479351322868,mapping
370,852480,-16.128094580270098,-0.0003903437140024,0.0161656328127719,1.481752060353756,0.0005691193486604,mapping
371,854784,-16.14287234026875,-0.0020062577184237,0.0250433323672041,1.7917741686105728,0.0038252730041234,mapping
372,857088,-15.902886702249678,-0.0003941010271419,0.0238003069534897,1.5563494190573692,0.0004532826383183,mapping
373,859392,-15.67724252472969,-0.000932082621312,0.0258053863653913,1.6099496632814407,0.0006167896192721,mapping
374,861696,-15.438735046673743,-0.0019917801691917,0.0292126443237066,1.53809255361557,0.0048593427871992,mapping
375,864000,-15.736744853671976,-0.0007638323420577,0.0222713028779253,1.47590933740139,0.0012332568321779,mapping
376,866304,-15.584504520254022,-0.0006510693772522,0.0233081234619021,1.8503554165363312,0.0007342001116007,mapping
377,868608,-15.412884927016666,-0.0010042585339166,0.0229429001919925,1.5511206313967705,0.0023079951022787,mapping
378,870912,-15.602512645320983,-0.000434861891588,0.0190770330373197,1.6129522249102592,0.0012409999854696,mapping
379,873216,-15.384869741594423,-0.0006843386130539,0.0257889672648161,1.5214437544345856,0.0018939407314759,mapping
380,875520,-15.14674150320851,-0.0005382482795539,0.0148273173836059,1.4713391810655594,0.0014700354507795,mapping
381,877824,-14.908949495359852,-0.00092033145332,0.0302520905388519,1.824011743068695,0.0025650074437635,mapping
382,880128,-14.027813272190894,-0.0005223643725192,0.0211883104639127,1.5312509909272194,0.0005237635354262,mapping
383,882432,-14.122206159674231,-0.000101017463597,0.0206045518862083,1.6210433766245842,0.0005202128532396,mapping
384,884736,-14.30541650102291,-0.0007159697884162,0.0209272128995507,1.521440014243126,0.0005022103032956,mapping
385,887040,-14.300306815034464,-0.0012109217666673,0.0179306193604134,1.4860846549272535,0.0045325026515633,mapping
386,889344,-14.16554451046028,-0.0007218145815386,0.0277242216980084,1.849873289465904,0.0009973005990104,mapping
387,891648,-14.86109930507729,-0.0006165214862853,0.0262633399106562,1.5728717371821404,0.0013525468334592,mapping
388,893952,-14.76061084860198,-0.0007678064426828,0.02295663789846,1.6275150179862976,0.001095787300926,mapping
389,896256,-14.673139838692364,-0.0006676651290938,0.0212310899514704,1.5385463386774063,0.001323269129816,mapping
390,898560,-14.814137505521185,-0.0011403715105744,0.017277585924603,1.4873937144875526,0.001313653771831,mapping
391,900864,-14.779916218006765,-0.0005467360086741,0.0260897284606471,1.8323122709989548,0.0009953060454108,mapping
392,903168,-15.07768102800616,-0.0013469208244158,0.0206563813844695,1.5507232993841171,0.0010908379605009,mapping
393,905472,-14.787694572199117,-0.0003028921244852,0.0230352830840274,1.6027682274580002,0.0004839430272183,mapping
394,907776,-15.18346217813406,-0.0003204515154493,0.0240795231657102,1.5004987269639969,0.0009883675518267,mapping
395,910080,-15.475835340691562,-0.0010193144747113,0.0189567839843221,1.4579980447888374,0.0008729217681775,mapping
396,912384,-15.849614245275747,-3.477188511169516e-05,0.0314670959487557,1.7707095593214035,0.0001737169364004,mapping
397,914688,-16.130068930321315,-0.0004455574648988,0.0200507611152715,1.524530217051506,0.0008807035761151,mapping
398,916992,-15.868569300365191,-0.0001534064466442,0.0232065635500475,1.6012874245643616,7.168979678340293e-05,mapping
399,919296,-15.578748575854616,-0.0016193823350805,0.0196781837148591,1.5068177729845047,0.002240332025748,mapping
400,921600,-15.106578423550268,-0.0013221356307945,0.018308495520614,1.4754016250371933,0.0010726945389478,mapping
401,923904,-15.002922772406093,-0.0002398388774401,0.0246669705957174,1.7921141237020493,0.0006904514632424,mapping
402,926208,-14.62329429888055,-0.0003025558880835,0.0207300170441158,1.511920414865017,0.0005022958769258,mapping
403,928512,-15.047932687623284,-0.0005282773969131,0.0283149947645142,1.5942850187420845,0.000252321943833,mapping
404,930816,-15.035630872780445,-0.0006482398960088,0.0239166445098817,1.4914948046207428,0.0014001713617659,mapping
405,933120,-15.072567008656524,-0.0006245480045916,0.0189922913559712,1.4754862561821938,0.0018295527182645,mapping
406,935424,-14.722415350654767,-0.0003076635243814,0.0244154314277693,1.805569000542164,0.0006450395972024,mapping
407,937728,-14.981888814375008,-0.0009946912867159,0.0213217597920447,1.5676639527082443,0.0019781255513875,mapping
408,940032,-14.874398426703197,-0.0002588310949502,0.0220954803517088,1.6196955516934397,0.0006047855255688,mapping
409,942336,-14.40373028032978,-0.0001980112889315,0.0219898784998804,1.5274009630084038,0.0001208947393946,mapping
410,944640,-14.543995380790813,-0.0005501518865824,0.0201174975954927,1.4731287509202955,0.0013782036838279,mapping
411,946944,-14.704382557006689,-0.000227375752088,0.0236216249177232,1.825418137013912,0.0002703486037773,mapping
412,949248,-15.246381201195131,-0.0004009722490536,0.0202699220972135,1.5420406609773636,0.0007085378303486,mapping
413,951552,-15.141095148190484,-0.0002235609690867,0.0230294755892828,1.6181296557188034,0.0007514803511696,mapping
414,953856,-15.584691391283863,-0.000542251772433,0.0415730359964072,1.5282102227211,0.000515192706473,mapping
415,956160,-15.519713161961858,-0.0011877608590996,0.0153963264892809,1.484277866780758,0.0019294480363782,mapping
416,958464,-15.941279321219447,-0.0004007704315635,0.0300131045514717,1.820744715631008,0.000306737478013,mapping
417,960768,-15.319601182392052,-0.0010396375078016,0.0215947435935959,1.5472788661718369,0.0008199572911122,mapping
418,963072,-15.100554176186584,-0.0003362934151754,0.0221261759288609,1.602981947362423,0.0001602940290865,mapping
419,965376,-14.980275078259933,-5.924600618023579e-05,0.0224705424625426,1.5101537331938744,0.0001478430542078,mapping
420,967680,-14.435754728615391,-0.0003128275146069,0.0182169920881278,1.5033788233995438,0.000366777969063,mapping
421,969984,-14.641646166321449,-0.0003960663118757,0.0267803373280912,1.8215906992554665,0.0004885663089453,mapping
422,972288,-14.49588390012841,-0.0004141260627648,0.023868610325735,1.5604981034994123,0.0002057239776276,mapping
423,974592,-14.463371759398024,-0.0003687684635072,0.023310885997489,1.602600447833538,0.0004980569162853,mapping
424,976896,-14.81129363492306,-0.0004125170859892,0.0279052321566268,1.519163899123669,0.0008161866141007,mapping
425,979200,-15.54112070624847,-0.000679019831384,0.0183082977309823,1.5080794021487236,0.0005675117583321,mapping
426,981504,-15.561283741588152,-0.0008758937058246,0.0229578138096258,1.812407188117504,0.0004631795423506,mapping
427,983808,-15.615291320793968,-0.000720381338245,0.0218814201653003,1.5599192008376122,0.001167535320336,mapping
428,986112,-15.48948472230561,-0.0003857593504031,0.0241862960392609,1.613937310874462,0.0001185489443003,mapping
429,988416,-15.25467364821609,-0.0012600638525428,0.0188831553678028,1.519971340894699,0.0029310182979855,mapping
430,990720,-14.721465399579802,-0.0010236174024005,0.0161346970126032,1.493236742913723,0.0018020871291355,mapping
431,993024,-14.39480454628156,-0.0004460561477672,0.0281216020230203,1.836746171116829,0.0003608137591742,mapping
432,995328,-14.485425579794535,-0.0002050752368821,0.0297417977126315,1.5600097328424454,0.0004815152767605,mapping
433,997632,-14.808221969169267,-0.000950075397327,0.0242868206696584,1.6425844356417656,0.000434481710954,mapping
434,999936,-14.68758726771041,-0.0004951653219728,0.0193132085260003,1.5471473038196564,0.001968804713897,mapping
435,1002240,-14.903778134278207,-0.0004629880133203,0.0157713659573346,1.5220902338624,0.0005405161814167,mapping
436,1004544,-14.797203952684876,-0.0004785614042551,0.0250931964255869,1.8453966155648232,0.0004615750457901,mapping
437,1006848,-15.0990875415576,-0.0015114266965005,0.0299028751906007,1.573399268090725,0.0023100763692822,mapping
438,1009152,-15.069694733548364,-0.0008817096750135,0.0186180549208074,1.6329731941223145,0.0011627088470618,mapping
439,1011456,-15.212474975494295,-0.0006511527040847,0.0240186202572658,1.5284953191876411,0.0003708926874139,mapping
440,1013760,-14.872867436602274,-0.000243231598549,0.0187544604414142,1.4931331649422646,0.0001712148112855,mapping
441,1016064,-14.857938726455023,-0.0007664888169832,0.0304023387143388,1.8124093115329745,0.0009331584467417,mapping
442,1018368,-14.817420295831589,-6.522685538988722e-05,0.0214687222614884,1.5819518342614174,0.0002156294945621,mapping
443,1020672,-14.797930862159198,-0.0003972254901828,0.0202137405285611,1.61264967918396,0.000206854898451,mapping
444,1022976,-14.985861364536582,-0.0005141180767067,0.0222483987454324,1.5447829216718674,0.0006648490610956,mapping
445,1025280,-14.97197150817238,-0.0004300043574655,0.0215481290360912,1.505283884704113,0.0014803596109231,mapping
446,1027584,-15.304633579180942,-0.0002258888990114,0.0250413514440879,1.84505183249712,0.0002204220637018,mapping
447,1029888,-15.261258732724055,-0.0003634638514929,0.0208682263037189,1.5640800222754478,0.0004077668910803,mapping
448,1032192,-15.166871303905625,-0.000156010459572,0.0320442944066599,1.6475436612963676,0.0002166204763156,mapping
449,1034496,-15.50021632555876,-0.001644628088646,0.0303177549503743,1.530469447374344,0.0030236218079551,mapping
450,1036800,-15.343179612930015,-0.0002923212842031,0.0214235316379927,1.4978336095809937,0.0001006512580153,mapping
451,1039104,-15.654457501815044,-0.000812813417004,0.0235553010134026,1.8620694726705551,0.0006952389653262,mapping
452,1041408,-15.21122852890201,-0.0001911960749667,0.0217671546852216,1.5604206398129463,0.0001719391855203,mapping
453,1043712,-15.652135937913568,-0.0001032260736274,0.0202653014566749,1.644689343869686,4.113615304548709e-05,mapping
454,1046016,-15.719402158902518,-0.0006210784025787,0.021261379821226,1.538625285029411,0.0006143344704341,mapping
455,1048320,-15.537674000845918,-0.0006973679261395,0.0182828194811008,1.506634160876274,0.0011537431680608,mapping
456,1050624,-15.644122860463336,-0.001047125620608,0.0245934292906895,1.846256911754608,0.0003805523334392,mapping
457,1052928,-15.390921115611569,-0.0010822522446889,0.0232700410415418,1.5607736632227898,0.0010678238022718,mapping
458,1055232,-14.897631139565084,-0.000178553602268,0.0234135604696348,1.608405850827694,0.0003494112590942,mapping
459,1057536,-15.14436611846824,-0.0004402282758317,0.0308457139180973,1.5232815146446228,0.0006241786101952,mapping
460,1059840,-14.894211614502591,-0.0004422304197962,0.0148250219644978,1.4771054610610008,0.0001873482298719,mapping
461,1062144,-15.2812737061013,-0.0001298721204045,0.0252808914519846,1.8413219526410105,0.0003074177947234,mapping
462,1064448,-15.093447982403593,-0.0004515684464018,0.0191809287643991,1.5437549948692322,0.0002428881503249,mapping
463,1066752,-15.235369934706066,-0.0002315939696775,0.0310956081375479,1.6222418695688248,0.0002810591399193,mapping
464,1069056,-15.811469567001724,-0.0002450299127632,0.0196948643424548,1.521453782916069,0.0001858678972565,mapping
465,1071360,-15.551767819659744,-0.0003329394179066,0.0166059026378206,1.4844463765621183,0.0001598582190851,mapping
466,1073664,-15.565711488732164,-0.0001471971898278,0.0222188833868131,1.8235174044966695,8.613965188430939e-05,mapping
467,1075968,-15.232078760324056,-0.0005627065915582,0.0181652884930372,1.542236939072609,0.0007009821996493,mapping
468,1078272,-15.568808977465087,-0.0005431569593889,0.0266907757613807,1.6426291838288307,0.0004321442628878,mapping
469,1080576,-15.8854462839473,-0.0003377360451853,0.0297824740409851,1.524921417236328,0.0003002319672305,mapping
470,1082880,-15.69786275284056,-0.0003667623608786,0.0154820223106071,1.5040921494364738,0.0006700920546904,mapping
471,1085184,-15.639301499835693,-0.0009457333613403,0.0199552197009325,1.8573131188750267,0.0009825447233424,mapping
472,1087488,-15.85455671835988,-0.0001924187708558,0.0253085189033299,1.5359765514731407,0.0001653928895627,mapping
473,1089792,-16.081295049501513,-0.000433020938039,0.0261979924980551,1.6343798115849495,0.0003885392216539,mapping
474,1092096,-16.469909401061624,-0.0001888242999888,0.0278749346034601,1.5379250794649124,0.000194755682628,mapping
475,1094400,-15.648060642325769,-0.0006716493087171,0.0139888912672176,1.495637759566307,0.0008752112819618,mapping
476,1096704,-15.186913389008826,-0.0001133025984816,0.0282049430534243,1.824909284710884,0.0001660747462892,mapping
477,1099008,-14.936303106566536,-0.0001651644189703,0.0245797780808061,1.5655232593417168,5.345189942573825e-05,mapping
478,1101312,-15.111892818643664,-0.0004032404740207,0.0245793346548452,1.6192785874009132,0.0004255089121016,mapping
479,1103616,-15.20960918063693,-0.0004280404703725,0.0214222279028035,1.5515971630811691,0.0006342641908203,mapping
480,1105920,-14.96602121230575,-0.0004473642482784,0.0205270642181858,1.4963095933198929,0.0001295519360269,mapping
481,1108224,-15.057016010702446,-2.2063317828724397e-05,0.0276305699953809,1.8751476928591728,0.0001216557096752,mapping
482,1110528,-15.201915889790705,-9.044471648028685e-05,0.0195599503349512,1.5697385519742966,5.995319440899039e-05,mapping
483,1112832,-15.21307757936515,-0.0001656468679382,0.0206936930771917,1.6378185898065567,0.0001444446164811,mapping
484,1115136,-14.976238864272071,-0.0006066899649492,0.0263581785839051,1.5420907959342005,0.0001126624633229,mapping
485,1117440,-14.981536538235977,-0.0002203941948803,0.0136868049157783,1.4741336181759834,0.000113297351823,mapping
486,1119744,-15.152167764003911,-0.0002449104619144,0.0333380835363641,1.8506594151258469,0.0001948167279692,mapping
487,1122048,-15.28108799947685,-0.0001308380416655,0.0288665844127535,1.560158133506775,0.0001249173620863,mapping
488,1124352,-15.584357971160662,-0.0001659785198171,0.0225577164674177,1.624480240046978,4.941113406273538e-05,mapping
489,1126656,-15.423219885977336,-0.0004663313621777,0.0233052867697551,1.5355434268712995,0.0002062737315845,mapping
490,1128960,-15.536847477140508,-0.0010760835462456,0.0195046957815065,1.4884675666689873,0.0010930907462901,mapping
491,1131264,-15.752965466272322,-0.0001077647326168,0.0293072371277958,1.836952492594719,2.541716740722677e-05,mapping
492,1133568,-15.53332523715878,-0.000286008880601,0.0203645280562341,1.5766770616173744,0.0001728512596343,mapping
493,1135872,-14.964120236697,-0.0002364586556622,0.0188800037140026,1.6193536818027496,0.0001304970520352,mapping
494,1138176,-14.964977765941642,2.193337475220325e-05,0.0234412933932617,1.518909990787506,0.0001001480909129,mapping
495,1140480,-14.798821586603106,-0.0007612033923199,0.0178689238382503,1.4904230386018753,0.0002217515006927,mapping
496,1142784,-14.85668270830224,-0.0004802340294658,0.0316410228842869,1.8357554972171783,0.0001443431252567,mapping
497,1145088,-14.80543380237017,-5.280492921302948e-05,0.0205014533130452,1.5483762174844742,4.3710250569262143e-05,mapping
498,1147392,-14.77106165438911,-0.0002187619695459,0.0267418922157958,1.6028670221567154,2.343344670663328e-05,mapping
499,1149696,-15.079130217979523,-8.535211564245082e-05,0.0215428954106755,1.5241898968815804,2.0006981914733046e-05,mapping
500,1152000,-14.83937844178011,-0.00011081892661,0.0159193979925476,1.4956843629479408,1.667047669684507e-05,mapping
501,1154304,-14.626133425142726,-8.469858955903464e-05,0.0261226128786802,1.8102027848362925,2.4835291227987e-05,mapping
502,1156608,-14.776996497593604,-0.0002155053533416,0.0176823878427967,1.5735797211527824,5.076422374570037e-05,mapping
503,1158912,-14.644383907177138,3.345429723822235e-05,0.0268461324740201,1.6065678372979164,1.4790419582608443e-05,mapping
504,1161216,-14.703731317281209,-4.83665573685621e-05,0.0257193692959845,1.5286222100257874,6.588989144518109e-06,mapping
505,1163520,-14.601562663991258,-8.335575123241679e-05,0.0211030381033197,1.5042967349290848,3.559651964282458e-05,mapping
506,1165824,-14.52750604978219,-9.189951047498812e-05,0.0212035975418984,1.846444480121136,7.180653883054333e-06,mapping
507,1168128,-14.842834969663537,-0.0002707663182314,0.0229826440336182,1.5305148363113403,5.5651415326707365e-05,mapping
508,1170432,-14.72550220317054,-0.0001523570031925,0.0218079924816265,1.623701423406601,7.943163021195687e-05,mapping
509,1172736,-15.01304593934078,-7.989529123935551e-05,0.0274747906951233,1.4968013614416122,4.038000787945058e-05,mapping
510,1175040,-14.709811103646304,-0.0001258531376053,0.0175965726375579,1.4740928411483765,1.0529683334148388e-05,mapping
511,1177344,-14.524478898409152,-0.000104585445317,0.024775938829407,1.793274387717247,3.702962647346279e-05,mapping
512,1179648,-14.937577860153938,-0.0001934385075909,0.0241523792501539,1.5517999827861786,2.8138588166291964e-05,mapping
513,1181952,-14.651407678663771,-2.5997120309928512e-05,0.0227758539840579,1.598003827035427,1.0239528023703317e-05,mapping
514,1184256,-14.699673616027304,-2.3307996569438272e-05,0.0205469017964787,1.5349474474787712,5.664545205242991e-06,mapping
515,1186560,-14.920273817589534,-7.842793181428442e-05,0.029253504006192,1.4675455018877983,3.399293440342621e-06,mapping
516,1188864,-15.217158932012318,-5.294489865392826e-05,0.0242781109409406,1.8308139145374296,8.597837428681032e-06,mapping
517,1191168,-15.206840384720124,-5.83934074901149e-05,0.0233170404098927,1.5340292155742643,3.158313674589408e-06,mapping
518,1193472,-15.215045207610515,-5.226183867061002e-05,0.0221506998641416,1.6092878729104996,3.949442385353663e-06,mapping
519,1195776,-15.32791120175259,-4.992859162160357e-06,0.0290076581295579,1.5148585140705109,1.3191642642684798e-06,mapping
520,1198080,-15.670962415743018,-2.946766060002437e-05,0.0136845892411656,1.4823909252882004,4.863799891608594e-07,mapping
1,2304,22.367381249115912,-0.0011534630536214,2.2446299046278,3.6146407276391983,0.0010219966884505,online
2,4608,24.76294705287594,-0.0026460756506973,0.2739556087180972,3.596695199608803,0.0034599741833289,online
3,6912,26.012994976415044,-0.0023274455735291,0.2090245317667722,3.5948653519153595,0.0027667480743502,online
4,9216,20.47960023590548,-0.0005461997599114,0.214502653107047,3.608654260635376,0.0010643763756661,online
5,11520,21.91023888890728,-0.0021341534135344,0.2210774356499314,3.608086600899696,0.0013211593013693,online
6,13824,23.129203769803325,-0.0013129325749711,0.1464716549962759,3.600339397788048,0.0007521445701286,online
7,16128,22.900833144855486,-0.0017483739105349,0.1345992796123027,3.595300406217575,0.0008111034975399,online
8,18432,22.11689359313432,-0.0020089421644418,0.1526221735402941,3.5954877734184265,0.0010094137854821,online
9,20736,22.49102038504092,-0.0015291033644441,0.1331730955280363,3.5794081687927246,0.001998009438239,online
10,23040,23.1039252382101,-0.0016357173461124,0.0941682127304375,3.5845005065202717,0.0023579870605203,online
11,25344,23.96298745623889,-0.0026564191450436,0.1415270869620144,3.5838327556848526,0.0028442798713399,online
12,27648,25.45659612695671,-0.0037600418994164,0.0973202241584658,3.572694405913353,0.0033458417086649,online
13,29952,25.19335673833776,-0.0010773921888661,0.1057921131141483,3.5817136019468307,0.0010770038372811,online
14,32256,25.46366041404845,-0.0013261191164575,0.1328780804760754,3.588793784379959,0.0010090650048368,online
15,34560,25.67128109309464,-0.0010017085553247,0.1780965998768806,3.587158888578415,0.0009020032518947,online
16,36864,25.114889785691545,-0.0009814460641198,0.080666652880609,3.589957132935524,0.0005568481208229,online
17,39168,23.504405218237387,-0.0020975735761668,0.095654962118715,3.5794314444065094,0.0014300177663244,online
18,41472,26.315014366727056,-0.0024179730107789,0.0482120630331337,3.5726369619369507,0.0025193548183324,online
19,43776,26.34957262890896,-0.0009379411512024,0.0878075025975704,3.567413941025734,0.0009520605476609,online
20,46080,25.488798739356763,-0.00073397257961,0.0664253300055861,3.561081647872925,0.0004235894845123,online
21,48384,26.745580503083502,-0.0032803262718314,0.0622932419646531,3.560906395316124,0.0036458763568134,online
22,50688,28.782302192213372,-0.002215530403747,0.0680096310097724,3.554811462759972,0.0011961913340314,online
23,52992,27.81386065583941,-0.0025682524814732,0.0638136581983417,3.5427231937646866,0.0020817987549435,online
24,55296,27.345079124793585,-0.0009545646533726,0.0758691390510648,3.531238213181496,0.0015046259889004,online
25,57600,26.629857382202758,-0.0013922620601836,0.1350510451011359,3.528124377131462,0.0005975098182489,online
26,59904,25.813552688836623,-0.0017944969643698,0.073842134559527,3.5134952515363693,0.0027107032427124,online
27,62208,24.793132449493967,-0.0015768907105729,0.0649072250816971,3.5275916755199432,0.002447442271773,online
28,64512,26.00565691233096,-0.0027776563809109,0.0398449224885553,3.5478401631116867,0.0022914059906611,online
29,66816,23.718845084076467,-0.0010650811497422,0.0999991353601217,3.5478689074516296,0.0018504395991385,online
30,69120,25.96799854216535,-0.0024845894823405,0.0532725052908062,3.5401780158281326,0.0014883409552908,online
31,71424,25.218069719388005,-0.0021771776997007,0.0657643559388816,3.520780012011528,0.0021347985548345,online
32,73728,27.28434596929813,-0.0017339766153175,0.0574988189619034,3.4959365725517277,0.0017890477869286,online
33,76032,27.461091795438183,-0.0018102818582216,0.1036789743229746,3.4980831891298294,0.0015287250705853,online
34,78336,26.81021064774935,-0.0004009705780845,0.0529980768915265,3.518400549888611,0.0010965552063737,online
35,80640,23.331927208301536,-0.0013227253438748,0.1407286217436194,3.5157832205295563,0.0010553796307988,online
36,82944,25.63590900050693,-0.0006878607708939,0.0411903893109411,3.51876300573349,0.0007176311993362,online
37,85248,26.88943729815399,-0.0019566245030853,0.045226473128423,3.520134374499321,0.0015380503296,online
38,87552,27.302414758939,-0.001768496683351,0.0600433943327516,3.51448592543602,0.0009329193178473,online
39,89856,25.215157724161617,-0.0012604362113929,0.0651886451523751,3.5112809985876083,0.0011987442145482,online
40,92160,27.15019610395269,-0.0024151770881467,0.0497329127974808,3.501548543572426,0.0022779965823929,online
41,94464,27.855590145884907,-0.0022382403335036,0.040376495802775,3.469300463795662,0.001813670100546,online
42,96768,27.788660679341675,-0.0015054196488664,0.0579835106618702,3.4604346454143524,0.0025761371655335,online
43,99072,26.48050944143468,-0.0006667576779667,0.09434709046036,3.4724082350730896,0.0015308151399722,online
44,101376,24.9679459921266,-0.0026373153839611,0.0778458323329687,3.4692639261484146,0.0023828867030601,online
45,103680,22.46153897905547,-0.0004731879303613,0.1232380010187625,3.4852309972047806,0.0005532401888785,online
46,105984,23.71700697301252,-0.0013184352279343,0.0406989674083888,3.472611084580421,0.0010808236691559,online
47,108288,25.35337185864236,-0.0019822009673791,0.0610289669129997,3.469324693083763,0.0015561144261937,online
48,110592,25.589540273748845,-0.0027019558299596,0.0511060385033488,3.485585168004036,0.0031962489517809,online
49,112896,25.530093905346167,-0.0013958581711348,0.062209561932832,3.499268114566803,0.0017034371974204,online
50,115200,28.521179850326927,-0.0010534820459421,0.0546287808101624,3.4966457784175877,0.0011569784386438,online
51,117504,30.0225955241196,-0.0013074748039798,0.0584702959749847,3.5064251720905304,0.0009489010382139,online
52,119808,29.263513015626177,-0.0003094483988408,0.0580216241069138,3.5241113007068634,0.0006435922546756,online
53,122112,26.821585362791197,-0.0027890182257376,0.098038466181606,3.5159724056720734,0.0022950382696649,online
54,124416,27.38495182096829,-0.0022950771289187,0.050112354569137,3.503748193383217,0.0026184733862919,online
55,126720,27.14320709964636,-0.0019000804899051,0.120749294757843,3.495032086968422,0.0018635545111465,online
56,129024,27.86940764086171,-0.001484652090413,0.0589130714070051,3.497688055038452,0.0010411199982627,online
57,131328,26.25913483046317,-0.0015666502380453,0.0392560511827468,3.5374722480773926,0.0020099760384937,online
58,133632,26.42140806407464,-0.001955140862113,0.0470204623416066,3.5428890883922577,0.0020205411423148,online
59,135936,29.32620562148787,-0.0018268093831466,0.0612825651187449,3.532129317522049,0.0019361160855169,online
60,138240,29.736902319295908,-0.0003968485914987,0.0498249900992959,3.516215518116951,0.0004035612471398,online
61,140544,29.85837663023512,-0.0018543897006869,0.0527694346383214,3.5323838591575623,0.0024644235749065,online
62,142848,26.94338938671674,-0.0019640706334863,0.0753625670913606,3.543431416153908,0.0018628218201683,online
63,145152,25.77348854243779,-0.0009073789369722,0.0844148485921323,3.5409445017576218,0.0009368294047362,online
64,147456,26.386502923115536,-0.0026559205428687,0.0407202418427914,3.5382679104804997,0.0022760456104151,online
65,149760,23.30723512690124,-0.0021778692780066,0.0979648092761635,3.531539022922516,0.0014902027405696,online
66,152064,23.034032325534483,-0.0005573948539374,0.0558094002772122,3.506545126438141,0.0008776482042094,online
67,154368,24.73107150689309,-0.003317026496562,0.052257680799812,3.5047507286071777,0.0024626700646876,online
68,156672,27.317299896476744,-0.001648216838526,0.0659464825876057,3.496776282787323,0.0018215291870546,online
69,158976,27.49929737572654,-5.957385772292767e-05,0.0727359321899712,3.4938742220401764,0.0006498873083842,online
70,161280,26.59033423653862,-0.00224665315328,0.0525632940698415,3.478425115346909,0.0019143630734674,online
71,163584,29.242403922051817,-0.0014721210216319,0.0549820514861494,3.497465670108795,0.0013949197086731,online
72,165888,28.77014136991604,-0.0028811607769764,0.0379664158681407,3.4880735874176025,0.0022762207535151,online
73,168192,26.71882628222776,-0.0011566265797884,0.0773038128390908,3.460337445139885,0.0004629369373674,online
74,170496,24.88682966946292,-0.0009452588427242,0.1156338169239461,3.4589314609766006,0.0011638634507562,online
75,172800,25.880079677307457,-0.0027605413444386,0.0435914942063391,3.47031532227993,0.0018204780823857,online
76,175104,26.486215790046245,-0.0013674263991055,0.0656686434522271,3.47759248316288,0.0015751733155866,online
77,177408,25.62086969660249,-0.003279526124566,0.0376652616541832,3.4884051382541656,0.002362221647925,online
78,179712,26.941101054969312,-0.0005283951708811,0.048004706390202,3.481196030974388,0.0011117197686871,online
79,182016,27.037176369511798,-0.0019943185854774,0.0427581234835088,3.457985207438469,0.0026282939915063,online
80,184320,24.890729030931997,-0.0011577555322017,0.082040820736438,3.43887223303318,0.0013726211764151,online
81,186624,25.458712515175943,-0.0015208008390017,0.0415872777812182,3.4485636800527573,0.0023270663466519,online
82,188928,27.53612116046932,-0.0008684300382558,0.0431464032735675,3.471603691577912,0.0010406248900507,online
83,191232,25.12387328904264,-0.0008218605101748,0.0914510395377874,3.4831530302762985,0.0008862075268893,online
84,193536,24.957362644263767,-0.0008983249609981,0.1194015252403914,3.476005047559738,0.0007251487305097,online
85,195840,25.87102162804969,-0.0018797937140738,0.0482204135041683,3.4520086348056798,0.001543258165965,online
86,198144,28.9288845699966,-0.0036066757885337,0.0440633646212518,3.430828332901001,0.0036364491302391,online
87,200448,27.12796764357198,-0.0006035678609634,0.0798854203894734,3.397037982940674,0.0010233425596197,online
88,202752,27.784451123434643,-0.0012227423658323,0.0499821552075445,3.4369878470897675,0.0019201948008458,online
89,205056,26.74812217268901,-0.0010376086854901,0.0696577823255211,3.452908471226692,0.0008441319426992,online
90,207360,29.75868025138461,-0.0028438245132444,0.0471195017453283,3.4668668806552887,0.0035854872339768,online
91,209664,28.88885918618592,-0.0014744737740733,0.0655906859319657,3.450088664889336,0.00170204920596,online
92,211968,29.85862495337014,-0.0013580970947689,0.0568122558761388,3.4725974947214127,0.0018398618805122,online
93,214272,27.0325183977434,-0.001557620326221,0.0517960416618734,3.4746749997138977,0.0014573042374321,online
94,216576,27.378362207345763,-0.0004787651266977,0.1178814205341041,3.4827839136123657,0.0008747045940253,online
95,218880,27.927189245427016,-0.0022004501527893,0.0495782527141273,3.45018707215786,0.0011813449468276,online
96,221184,28.975147105403245,-0.0012919548475009,0.047556071775034,3.462421476840973,0.0017084658957173,online
97,223488,28.277198724586224,-0.003439404404364,0.0575951740611344,3.465710833668709,0.003846273642921,online
98,225792,26.84427696612218,-0.0003612578639149,0.0718778343871235,3.466778799891472,0.0010235852406721,online
99,228096,27.88652010531613,-0.0012501866142176,0.0453134544659405,3.483088359236717,0.0027366370782146,online
100,230400,27.39333551184096,-0.0008499244179094,0.0386672681197524,3.4951558858156204,0.0006751800859774,online
101,232704,26.298865661507293,-0.0003066133310009,0.0602370989508926,3.4913874566555023,0.0013152013750641,online
102,235008,25.763294686452863,-0.000881218583269,0.0841690273955464,3.482116892933845,0.0010153220431448,online
103,237312,25.881764202323403,-0.0011538886300412,0.05554960668087,3.481427863240242,0.0009280971996759,online
104,239616,25.9566278180678,-0.0009792929027601,0.1204523970372974,3.45719450712204,0.0014358000562424,online
105,241920,27.548743543143587,-0.000335142908524,0.0898955874145031,3.4336701780557632,0.0009719160364056,online
106,244224,26.84499220017348,-0.001289622816052,0.0436457567848265,3.449334964156151,0.0007041563410565,online
107,246528,28.12155563236396,-0.0019913883958603,0.0541880473028868,3.445701003074646,0.001436252143776,online
108,248832,26.359037598639567,-0.0026441070463079,0.0531937039922922,3.43319308757782,0.002604715667303,online
109,251136,28.080129956569017,-0.0023755167203994,0.04400739306584,3.438113272190094,0.001578248870885,online
110,253440,29.89460945157415,-0.002349641463272,0.0407642747741192,3.4162438213825226,0.0019419671315416,online
111,255744,28.006672686955056,-0.002049155999076,0.0506595883052796,3.374021455645561,0.0012290522404327,online
112,258048,26.8475627689286,-0.0027819083628249,0.0935568215791136,3.4031466990709305,0.0020909607712079,online
113,260352,29.06247670578864,-0.0002996388358901,0.0580741199664771,3.413514643907547,0.0005506408847395,online
114,262656,27.14975174248608,-0.0014771080394792,0.1202184343710541,3.4033713191747665,0.0018932369902257,online
115,264960,25.855409866520887,-0.0013915322526448,0.0380116894375532,3.4030949026346207,0.0012347462224069,online
116,267264,25.44439215251373,-0.0009517117844602,0.0546360565349459,3.430456906557083,0.0011525727189791,online
117,269568,26.46804764737155,-0.0012165885158942,0.0695515582337975,3.4405956268310547,0.0009881658018002,online
118,271872,24.743334738517778,-0.0028614274456231,0.0534482402727007,3.43933530151844,0.0016055681455782,online
119,274176,27.55949697493631,-0.0016863813111708,0.0577023131772875,3.398580849170685,0.0019068774798951,online
120,276480,28.665826897364223,-0.0011138904130044,0.0420442973263561,3.3931697458028798,0.0006357323834436,online
121,278784,28.690591768445064,-0.0021042489306384,0.0486406085547059,3.397879853844642,0.001667991884018,online
122,281088,29.009248812922195,-0.0013025938831864,0.0825821631588041,3.396105855703354,0.0015501456396123,online
123,283392,29.05146622311143,-0.0004450925178187,0.0802318528294563,3.4176322519779205,0.0006750033927573,online
124,285696,27.600835119016228,-0.0010401434802689,0.11841686302796,3.398044988512993,0.002018183611704,online
125,288000,27.618948893025895,-0.0016969013624676,0.0610247151926159,3.42490603029728,0.0018623748394601,online
126,290304,28.67813595421389,-0.0032789912680755,0.0338110721204429,3.4411029666662216,0.0022430560965808,online
127,292608,28.604894638592526,-0.0009463405286219,0.0656744206789881,3.451272130012512,0.001240184619361,online
128,294912,28.145584064781414,-0.000172979470133,0.0735497761052101,3.4654326140880585,0.0007672021669122,online
129,297216,28.652200801972057,-0.0056580197213204,0.044998669065535,3.423664852976799,0.0041159442002935,online
130,299520,31.108858733597863,-0.0018090977498812,0.0321395647479221,3.433368965983391,0.0017432996546631,online
131,301824,29.81272732929563,-0.0014135866403093,0.0557781509123742,3.4185679852962494,0.0022839889361421,online
132,304128,28.8345245152526,-0.0013861950489829,0.0916205570101738,3.372808203101158,0.0009594562754955,online
133,306432,30.21597768375617,-0.0016285730802489,0.0983583708293736,3.3483252972364426,0.0018047976707293,online
134,308736,27.873055895521,-0.0005706581164809,0.0900516849942505,3.320571616292,0.0013976183751209,online
135,311040,26.598423086453177,-0.001059934653161,0.0480889505706727,3.338863968849182,0.0009150581370249,online
136,313344,26.568778011706254,-0.0020525879159928,0.040278130909428,3.349418729543686,0.0016287506587104,online
137,315648,26.453809067498288,-0.0003564104982463,0.0639185241889208,3.364908650517464,0.0009849047765379,online
138,317952,26.09420883978624,-0.0012146544864069,0.0405290767084807,3.372476309537888,0.0013823670846022,online
139,320256,25.035227024605906,-0.0025833804166824,0.0422131889499723,3.365447238087654,0.0033135431990558,online
140,322560,30.10222886301936,-0.00253423671418,0.0443217703141272,3.352913558483124,0.0022732543147867,online
141,324864,29.84948768400024,-0.0011549297901688,0.0876026190817356,3.348128452897072,0.0013835284593647,online
142,327168,27.027321289690352,-0.0008164186009607,0.1012343810871243,3.32935343682766,0.0013954951701988,online
143,329472,26.97920092593058,-0.0008400717314411,0.1434252853505313,3.3286927342414856,0.0023027641127555,online
144,331776,28.21483996016268,-0.0019102338861658,0.0327210633549839,3.335181459784508,0.0011590019269078,online
145,334080,27.3641171556668,-0.0005802981445539,0.0444961925968527,3.3518621176481247,0.0006442365955889,online
146,336384,27.15416732953456,-0.002064188316985,0.0359785883920267,3.365476116538048,0.001591826931998,online
147,338688,26.722148677442927,-0.0028934639808034,0.0440924232825636,3.3413425385952,0.0035220566024034,online
148,340992,28.1934298063012,-0.0021600784275253,0.0634313835762441,3.343945324420929,0.0025079094389184,online
149,343296,28.47730270210146,-0.0004579878175263,0.0572148722130805,3.3372539430856705,0.0015089341478516,online
150,345600,29.12437762774607,-0.0018711050152735,0.0591330248862504,3.381713017821312,0.0014467235403369,online
151,347904,28.180184107583745,-0.0016188720496251,0.0503464255016297,3.3617012798786163,0.0018253979405926,online
152,350208,27.008377245482617,-0.0011248748402926,0.0825984529219567,3.386659786105156,0.0013723697111345,online
153,352512,25.679616193849157,-0.0019387087251929,0.1327240359969437,3.34944786131382,0.0012182195252358,online
154,354816,27.05683665084932,-0.0028516767170508,0.0491348097566515,3.3364879935979843,0.0017059710280591,online
155,357120,26.36452953046885,-0.0012700785698724,0.0579655547626316,3.3187379091978078,0.0010169694213004,online
156,359424,26.64337598604612,-0.0010576806721979,0.0460082942154258,3.3395027071237564,0.0022305895572571,online
157,361728,26.95648453343818,-0.0019491523750932,0.0468646269291639,3.365392655134201,0.0011755122006888,online
158,364032,29.608585520384292,-0.0019396409842708,0.0439619100652635,3.3593365103006363,0.0010576206373242,online
159,366336,30.5174805074221,-0.0023335293143544,0.0719298813492059,3.338604092597961,0.0018354455064076,online
160,368640,30.12857352053875,-0.0008215840449565,0.0417068859096616,3.308738306164741,0.0004450825533695,online
161,370944,30.16472313662479,-0.0022817380659539,0.078777558170259,3.300615340471268,0.0016245341395359,online
162,373248,29.049941871898262,-0.0016541423071506,0.0504788099788129,3.325340375304222,0.0015866426122101,online
163,375552,28.13947287398388,-0.0002809823186503,0.1329990313388407,3.337216377258301,0.0008591814894316,online
164,377856,28.302247009476403,-0.0016012540608143,0.0458818012848496,3.3252836167812347,0.0020240448426294,online
165,380160,27.525717503101763,-0.0009605395489415,0.0518294428475201,3.2973434776067734,0.0004727518371636,online
166,382464,29.149927891815786,-0.0013727714018993,0.0453017621766775,3.278725311160088,0.0010906785113952,online
167,384768,28.91986350023267,-0.0022532104147912,0.054750916082412,3.2610481679439545,0.0019441943712889,online
168,387072,28.513310306855463,5.202150108135628e-05,0.0417776620015502,3.255255416035652,0.0010757029956494,online
169,389376,29.28235880890807,-0.0003297821185191,0.076567334588617,3.224768176674843,0.0007305668107164,online
170,391680,28.616868791740558,-0.0010706415484694,0.0727159427478909,3.240716502070427,0.0009639101163985,online
171,393984,27.915277022539676,-0.0009217977652345,0.1020523798651993,3.247108474373817,0.0013197602079344,online
172,396288,27.331093405046627,-0.0004691744905092,0.0441335630603134,3.274746373295784,0.0004781631756713,online
173,398592,24.658890847993217,-0.0035676526672937,0.1234298394992947,3.260575696825981,0.0034673536151785,online
174,400896,26.73018872281729,-0.0014002554895442,0.0418439195491373,3.2574353367090225,0.0009449227097775,online
175,403200,27.24306727322348,-0.0031099246740622,0.0368822661694139,3.249438390135765,0.0022716379986889,online
176,405504,28.339253782996742,-0.0013720208087559,0.0459815578069537,3.2481330186128616,0.001189035437177,online
177,407808,27.347738310944543,-0.0027290693589444,0.0867677396163344,3.1927189230918884,0.0025730517773594,online
178,410112,28.940657844404463,-0.0018584263507364,0.0526310461573302,3.2421381920576096,0.003009563676465,online
179,412416,30.502237001789634,-0.0005199348121702,0.0769339432008564,3.282896101474762,0.0018199975162234,online
180,414720,29.220622457053704,-0.0011523303481024,0.0546995336189866,3.3018617928028107,0.000818543699337,online
181,417024,29.31033384097575,-0.0009645064394842,0.0775749781168997,3.3110083490610123,0.0005754337693701,online
182,419328,28.952790565801934,-0.0024171455635647,0.0584220567252486,3.2888765931129456,0.0017642091670053,online
183,421632,27.888057601209685,-0.0013360504658521,0.115380763541907,3.3065444380044937,0.0014651170576043,online
184,423936,28.464703481208435,-0.0025217602010848,0.0491039876360446,3.275552704930305,0.002044516798378,online
185,426240,27.940238177979555,-0.002419367308903,0.045844753505662,3.246846437454224,0.0014972503169019,online
186,428544,27.63431397177996,-0.0016371407750234,0.0498438323847949,3.2800382375717163,0.001665144662992,online
187,430848,28.91878680144251,-0.0008546628499364,0.0606435285881161,3.296612173318863,0.0018410314345373,online
188,433152,26.689151213385948,-0.0010975659679388,0.0636712324339896,3.2740678936243057,0.0017204451019097,online
189,435456,28.605199901462505,-0.0014999995560679,0.0413109560031443,3.242963492870331,0.0025184750397784,online
190,437760,29.67547602256177,-0.001479602318336,0.0595428301021456,3.197959840297699,0.0016236581586781,online
191,440064,27.466136717058237,-0.0021718813921122,0.0963875805027782,3.1944317519664764,0.0016655028032346,online
192,442368,27.67876390178339,-0.0013615715463907,0.05478949053213,3.1563286632299423,0.0011453158093672,online
193,444672,28.16092888192741,-0.0006371146994044,0.100447530625388,3.15073336660862,0.000275945565761,online
194,446976,29.69773783646816,-0.0011601012836561,0.0411830267403274,3.1512321382761,0.0005402341687386,online
195,449280,28.250037212763345,-0.0006998419543783,0.0712457478512078,3.136639326810837,0.0003670975929708,online
196,451584,29.921995551246795,-0.0002909772009742,0.0571547951549291,3.137902930378914,0.0001643752367625,online
197,453888,29.60370236425385,-0.0015116654429271,0.058485135436058,3.1354858428239822,0.0011344978709202,online
198,456192,29.885644163285946,-0.0013862259922663,0.0513860567007213,3.1479870975017548,0.0008861953426857,online
199,458496,31.63372609724942,-0.0017259589889767,0.0460854575503617,3.132928892970085,0.0020822706616741,online
200,460800,29.59001133027888,-0.0016222784805298,0.0634764952119439,3.169402524828911,0.0020256147634225,online
201,463104,28.062303099821605,-0.0008960061269299,0.087094210088253,3.16771699488163,0.0007947507624016,online
202,465408,29.115029626344764,-0.0013644396496803,0.0846481106709688,3.1815649271011357,0.0013949091244285,online
203,467712,30.510975089531517,-0.0010365633314803,0.057150759268552,3.152049228549004,0.0007468055246893,online
204,470016,28.46201977700033,-0.0019019542745202,0.0380649674916639,3.1611923426389694,0.0019356253353129,online
205,472320,29.33701410684362,-0.0013637982144448,0.0611799457110464,3.1620021909475327,0.0010584943456706,online
206,474624,27.68798047785016,-0.0018720900238804,0.0729217717889696,3.17180797457695,0.0009711233500979,online
207,476928,29.204160856236072,-0.001751731922948,0.0581470658071339,3.190994456410408,0.0006340912116166,online
208,479232,27.63622043407464,-0.0015758765877207,0.0503144194371998,3.1755440831184387,0.0007752100492552,online
209,481536,28.19516714118413,-0.0003211481761253,0.0589101468212902,3.1607160419225693,0.0006316690308949,online
210,483840,27.73651803218749,-0.0017239350786945,0.0396474974695593,3.162015065550804,0.0010232660323986,online
211,486144,26.211226271831748,-0.0003224300126021,0.094330727122724,3.121639519929886,0.0006603811654536,online
212,488448,27.20549581289184,-0.0005048582490114,0.1213227803818881,3.142958626151085,0.0009233697607113,online
213,490752,27.742296877350213,-0.0024948247652503,0.0823889202438294,3.133937045931816,0.0013695138549047,online
214,493056,27.779357383793272,-0.0014870521505246,0.0540729954373091,3.1340487599372864,0.0010269503739234,online
215,495360,27.477973868161733,-0.001073656932931,0.0523067584726959,3.1016201972961426,0.000962739160842,online
216,497664,28.092148992673952,-0.0020912581161003,0.0650555968750268,3.1099824756383896,0.0013788448191513,online
217,499968,29.41537895428812,-0.0016988363198733,0.0386596262687817,3.0876543074846268,0.0016592345833714,online
218,502272,28.367884092756213,-0.0006401307662697,0.0405706923920661,3.062223792076111,0.0012131241007738,online
219,504576,29.673969028067567,-0.0010469733918449,0.0420526557136327,3.058623433113098,0.0006628680301301,online
220,506880,28.49688573472792,-0.0027650217905627,0.0684302183799445,3.027806431055069,0.0019559095112779,online
221,509184,28.947314478391537,-0.0014415940704566,0.0696103130467236,2.9811233580112457,0.0009944418459831,online
222,511488,24.96056854951324,-0.0005869988854101,0.1322179427370429,2.9778200834989548,0.0004570157629536,online
223,513792,26.828269080542647,-0.0004596258371141,0.0577862528152763,2.9714137613773346,0.0001513386023077,online
224,516096,24.970050205797385,-0.0021496772597957,0.058380943024531,2.934259608387947,0.0005133078571412,online
225,518400,26.899910243838026,-0.0008498641774268,0.0433473500888794,2.913730427622795,0.0004990923761296,online
226,520704,27.49166512253186,-0.0024714989789092,0.0601287723984569,2.955678835511208,0.0015614762646944,online
227,523008,26.654744322139425,-0.0005649866107507,0.0465174387209117,2.96782648563385,0.000326400167536,online
228,525312,27.83469253336369,-0.000987268668521,0.049759711138904,2.943351626396179,0.0010800378188378,online
229,527616,29.483444150844733,-0.000963438957241,0.055156725924462,2.950626954436302,0.0006460113602742,online
230,529920,29.11465444058205,-0.0011202135240435,0.0870314098428934,3.024352505803108,0.0014837388203103,online
231,532224,28.60246483149193,-0.0005372199818036,0.077929810853675,2.9848188310861588,0.0001979732383006,online
232,534528,28.66146946594384,-0.0011176754873708,0.1166843036189675,3.007125198841095,0.0007999189669602,online
233,536832,28.061397969839746,-0.0008303758280716,0.0534956713672727,2.982923373579979,0.0007931142484159,online
234,539136,29.708062758676213,-0.0019800146399372,0.0382410052698105,2.9483378380537038,0.0012388175230739,online
235,541440,30.039720167577634,-0.0009532536456996,0.051785982446745,2.958329886198044,0.0004771575938744,online
236,543744,27.94964209410935,-0.0014727273075247,0.0614072480238974,2.9876653105020523,0.0016192722304266,online
237,546048,30.348928026867625,-0.0010082520191442,0.0414633215405046,2.969394877552986,0.0006782253407272,online
238,548352,32.06412214548128,-0.0009052286946674,0.0369895710609853,2.98793762922287,0.0004119106271723,online
239,550656,30.05256466796085,-0.0003131764439261,0.056784791406244,2.954537808895111,0.0001633251946992,online
240,552960,29.218236924783387,-0.0004516747578691,0.0864686968270689,2.973015233874321,0.0006152380423271,online
241,555264,30.82434586362051,-0.0008485656409852,0.0726003863383084,2.988930121064186,0.0002349619762185,online
242,557568,26.49087499695177,-0.0002458328777316,0.142029270529747,2.9951222091913223,0.0002233749844577,online
243,559872,26.776964076323075,-0.0004139133871427,0.0552090343553572,3.0329853296279907,0.0002005053648588,online
244,562176,27.513663878133364,-0.0013608696589244,0.0471220270264893,3.069941684603691,0.0003666618958391,online
245,564480,27.610998783054715,-0.0001095830972796,0.0620750174857676,3.030666545033455,0.0003138182915576,online
246,566784,26.55174903937198,-0.0019980749536298,0.0565499444492161,3.0527341961860657,0.0015170665216146,online
247,569088,27.773965652915475,-0.0007532251926629,0.0403287130175158,3.0930997282266617,0.0004886680587787,online
248,571392,29.700555260329224,-0.0017407683327392,0.0385617886204272,3.0912419259548187,0.001203853971134,online
249,573696,29.12575772508392,-0.0005809138394094,0.0773098906502127,3.0765078961849213,0.0010150354939292,online
250,576000,27.38093325915588,-0.00150529342634,0.092203511390835,3.089035227894783,0.0006730140224817,online
251,578304,29.5551992579418,-0.0013034364370569,0.0508276934269815,3.083714574575424,0.0011475374596001,online
252,580608,27.81334770011124,-0.0004350786756124,0.1245934478938579,3.10908280313015,0.0003705736545372,online
253,582912,30.62829579929173,-0.0003206284654374,0.0502565475180745,3.1095329970121384,0.0001071378449408,online
254,585216,27.52547716189705,-0.0006856237611019,0.0372279384173452,3.10531385242939,0.0003145284230754,online
255,587520,29.594532312109614,-0.0003994512306048,0.0470283303875476,3.106506496667862,0.0002834402050745,online
256,589824,27.3025427153156,-0.0009617770750638,0.0580271151848137,3.11641027033329,0.0009405984175256,online
257,592128,30.74951092369,-0.0018016491041331,0.0493218377232551,3.09114271402359,0.0010262418455953,online
258,594432,29.019820213571112,-0.0002228136221573,0.0380851405207067,3.1425431966781616,4.7796997321825074e-05,online
259,596736,29.32710827780859,-0.0005227274263133,0.0611324824858456,3.131718158721924,0.0006125750430909,online
260,599040,25.764594101727106,-0.0006531502134647,0.1101132151670754,3.106885239481926,0.0002157562835236,online
261,601344,27.23291963053005,-0.001012953285125,0.0630970967467874,3.1261321902275085,0.0003971237071532,online
262,603648,28.265380950808066,-0.0012151795440836,0.0874606585130095,3.117229238152504,0.0012349748729434,online
263,605952,27.98525879026403,-0.0010019568337863,0.0363150772172957,3.13072606921196,0.0002835080799867,online
264,608256,26.842892080768788,-4.809463267621203e-05,0.0429046156350523,3.1172404289245605,0.0001204655392825,online
265,610560,28.471099311361105,-0.000646531068772,0.0475161620415747,3.109196320176125,0.0003721664041494,online
266,612864,30.109839038790778,-0.0015423279281649,0.0555611350573599,3.1094834953546524,0.0006367216683429,online
267,615168,29.34623738799451,-0.00049373609641,0.0764567088335752,3.0882893204689026,0.0005296559289149,online
268,617472,29.576758183113224,-0.0009203054493518,0.0494332790840417,3.0798042118549347,0.0002265741772262,online
269,619776,30.376528112603072,-0.0001492808012497,0.0447008763439953,3.077241137623787,0.0001467578293083,online
270,622080,28.952062220326532,-0.0007220387557632,0.0925179936457425,3.087070673704148,0.0003656925219424,online
271,624384,29.631617260828182,-0.0002517969002535,0.0808018562383949,3.077435210347176,0.0002828711833002,online
272,626688,28.759389187583796,-0.0005757003926494,0.0514386452268809,3.0715009570121765,0.0002149115756403,online
273,628992,29.53217066781177,-0.0007139782800007,0.0412783303763717,3.0856639593839645,0.0003530042948796,online
274,631296,29.89776704445186,-0.0010714647503138,0.0368062038905918,3.0898779779672623,0.0008518097762362,online
275,633600,29.39323140527916,-0.0003543961197986,0.0527896631974726,3.088095411658287,0.0001318976471619,online
276,635904,29.28173993387834,-0.001175210458819,0.0505312427412718,3.0855296850204468,0.0010156742309277,online
277,638208,30.19950235961841,4.7335272434945175e-05,0.075694958679378,3.0836514085531235,2.670470601273678e-05,online
278,640512,29.97514505956942,-0.000404279887789,0.0500363812316209,3.08166578412056,8.580804301278663e-05,online
279,642816,28.65403975698129,-5.124340608136935e-05,0.0457362665329128,3.0981922149658203,0.000113404543697,online
280,645120,27.324803730927893,-0.000152454790686,0.1135640926659107,3.082958936691284,4.373619800190909e-05,online
281,647424,27.066908561963704,-0.0007008495537945,0.1305893007665872,3.0683676451444626,0.0001674793914414,online
282,649728,27.471626033627288,-0.0005229979386866,0.0491578713990747,3.0839461386203766,0.0004175428733219,online
283,652032,27.363066840377936,-0.0004460696070256,0.0416242664214223,3.0664605498313904,0.0001386816047224,online
284,654336,28.7780128195506,-0.0004485675090488,0.03779813577421,3.0950680524110794,0.0001083048864671,online
285,656640,27.91595847185897,-0.0001006418334681,0.0777995432727038,3.106550052762032,1.8374851908475875e-05,online
286,658944,26.918294204637323,-0.0001324627015072,0.0511571625247597,3.0532679110765457,3.5925108731404976e-05,online
287,661248,29.6342607678236,-0.001195427805846,0.0365123803494498,3.0526732951402664,0.0005560330416045,online
288,663552,30.32260655394837,-0.0007675247446362,0.0452476090285927,3.0532305389642715,0.0004451995077501,online
289,665856,31.136327888433037,-0.0003980443445672,0.0505943840835243,3.0460415184497838,4.3919399641051925e-05,online
290,668160,29.32480281756373,-0.0009714076113343,0.0801909575238823,3.0204229652881622,0.0002074990377048,online
291,670464,28.386843180041037,-0.0001647331924787,0.1283443309366703,3.017995521426201,8.722531525506838e-05,online
292,672768,28.713224276836296,5.030101482991767e-06,0.0462712899316102,3.0465880930423737,2.761215268876072e-05,online
293,675072,28.493534551492925,-0.0001185090138701,0.0465656409505754,3.0072456151247025,1.1321444984169204e-05,online
294,677376,27.079220579643174,-0.0001571682662099,0.0517582418397069,3.025469154119492,7.326789079343957e-06,online
295,679680,26.024244241879902,-0.0001725204168078,0.058120711473748,3.078253135085106,7.494930056139992e-06,online
296,681984,25.506824119057487,-0.0002721921488778,0.0488861734047532,3.0183068960905075,3.404291241112124e-05,online
297,684288,29.79967326762397,1.1924543691366196e-06,0.0487989298999309,3.0303535759449005,8.357336264808168e-06,online
298,686592,27.47223096815187,-9.358544947229984e-05,0.0698793472256511,3.068463072180748,2.2125928302862974e-06,online
299,688896,28.839102525159785,-2.693381673503185e-05,0.0916185551322996,3.016106709837913,1.645868479036288e-06,online
300,691200,27.5750796127918,-8.355529747600121e-05,0.045614656060934,3.026741534471512,4.561401325098302e-06,online
301,693504,27.343937426305462,-0.0001536472313494,0.1328945127315819,3.009771734476089,7.381405559891974e-06,online
302,695808,29.730820613646827,-1.0310283794279227e-05,0.0348758614854887,3.0560653656721115,9.64432214509408e-07,online
303,698112,30.08036286841861,-4.3069140538420925e-06,0.0698114621918648,3.020003601908684,2.150643702877701e-07,online
