policy,n_cores,u_per_core,schedulable_mean,hard_miss_ratio_mean,soft_miss_ratio_mean,qos_mean_mean,qos_weighted_mean,acceptance_ratio_mean,energy_j_mean,mean_chip_power_w_mean,peak_chip_power_w_mean,tdp_violation_ratio_mean,mean_core_level_mean,schedulable_std,hard_miss_ratio_std,soft_miss_ratio_std,qos_mean_std,qos_weighted_std,acceptance_ratio_std,energy_j_std,mean_chip_power_w_std,peak_chip_power_w_std,tdp_violation_ratio_std,mean_core_level_std
ffd+slack,8,0.25,1.0,0.0,0.0,1.0,1.0,1.0,2.9978,14.9892,17.2397,0.0,55.0,0.0,0.0,0.0,0.0,0.0,0.0,0.033,0.1652,0.4898,0.0,0.0
ffd+slack,8,0.5,1.0,0.0,0.0,1.0,1.0,1.0,4.5953,22.9766,24.9108,0.0,70.0,0.0,0.0,0.0,0.0,0.0,0.0,0.0388,0.1942,0.9026,0.0,0.0
ffd+slack,8,0.75,1.0,0.0,0.2991,0.8539,0.8539,1.0,6.1997,30.9985,31.2959,0.8917,85.0,0.0,0.0,0.1931,0.1333,0.1333,0.0,0.0196,0.0979,0.0,0.0603,0.0
ffd+slack,8,0.85,1.0,0.0,0.6577,0.4534,0.4534,1.0,6.752,33.7599,33.8248,0.9986,91.25,0.0,0.0,0.1238,0.1286,0.1286,0.0,0.0039,0.0193,0.0,0.0017,0.0
ffd+slack,8,0.95,1.0,0.0,0.8823,0.1177,0.1177,1.0,7.1895,35.9474,35.949,1.0,96.4062,0.0,0.0,0.0585,0.0585,0.0585,0.0,0.0416,0.2082,0.211,0.0,0.4419
ffd+slack,8,1.0,0.0,0.0283,0.9911,0.0089,0.0089,1.0,7.6,37.9998,38.0,1.0,100.0,0.0,0.0107,0.0123,0.0123,0.0123,0.0,0.0001,0.0004,0.0,0.0,0.0
ffd+slack,16,0.25,1.0,0.0,0.0,1.0,1.0,1.0,5.6058,28.0288,32.4793,0.0,55.0,0.0,0.0,0.0,0.0,0.0,0.0,0.0598,0.299,1.1487,0.0,0.0
ffd+slack,16,0.5,1.0,0.0,0.0,1.0,1.0,1.0,8.8001,44.0003,47.4063,0.0,70.0,0.0,0.0,0.0,0.0,0.0,0.0,0.0604,0.3022,0.3321,0.0,0.0
ffd+slack,16,0.75,1.0,0.0,0.325,0.839,0.839,1.0,11.9942,59.9709,60.5917,0.8246,85.0,0.0,0.0,0.1967,0.1282,0.1282,0.0,0.0389,0.1945,0.0,0.0623,0.0
ffd+slack,16,0.85,1.0,0.0,0.8297,0.2801,0.2801,1.0,13.0162,65.0808,65.1702,0.9997,90.625,0.0,0.0,0.0301,0.0402,0.0402,0.0,0.0083,0.0415,0.0,0.0004,0.0
ffd+slack,16,0.95,1.0,0.0,0.9519,0.0619,0.0619,1.0,14.1289,70.6443,70.6479,1.0,96.25,0.0,0.0,0.0216,0.0155,0.0155,0.0,0.0009,0.0046,0.0,0.0001,0.0
ffd+slack,16,1.0,0.0,0.0317,1.0,0.0,0.0,1.0,14.8,73.9999,74.0,1.0,100.0,0.0,0.0176,0.0,0.0,0.0,0.0,0.0001,0.0003,0.0,0.0,0.0
ffd+slack,32,0.25,1.0,0.0,0.0,1.0,1.0,1.0,10.8815,54.4073,61.5008,0.0,55.0,0.0,0.0,0.0,0.0,0.0,0.0,0.0778,0.3892,1.4174,0.0,0.0
ffd+slack,32,0.5,1.0,0.0,0.0,1.0,1.0,1.0,17.2741,86.3707,92.205,0.0,70.0,0.0,0.0,0.0,0.0,0.0,0.0,0.0789,0.3947,0.2999,0.0,0.0
ffd+slack,32,0.75,1.0,0.0,0.3432,0.8472,0.8472,1.0,23.6582,118.2909,119.1835,0.8379,85.0,0.0,0.0,0.237,0.1422,0.1422,0.0,0.055,0.2752,0.0,0.045,0.0
ffd+slack,32,0.85,1.0,0.0,0.8383,0.2993,0.2993,1.0,25.8293,129.1467,129.2397,1.0,90.625,0.0,0.0,0.041,0.0647,0.0647,0.0,0.0107,0.0534,0.0,0.0,0.0
ffd+slack,32,0.95,1.0,0.0,0.963,0.0553,0.0553,1.0,27.9533,139.7664,139.7717,1.0,96.6797,0.0,0.0,0.0157,0.019,0.019,0.0,0.0417,0.2084,0.2101,0.0,0.1617
ffd+slack,32,1.0,0.0,0.0245,0.9993,0.0007,0.0007,1.0,29.2,145.9999,146.0,1.0,100.0,0.0,0.0076,0.0019,0.0019,0.0019,0.0,0.0,0.0002,0.0,0.0,0.0
ga+slack,8,0.25,1.0,0.0,0.0,1.0,1.0,1.0,2.8828,14.4141,22.2645,0.0,70.0,0.0,0.0,0.0,0.0,0.0,0.0,0.0491,0.2457,0.0,0.0,0.0
ga+slack,8,0.5,1.0,0.0,0.0,1.0,1.0,1.0,4.4742,22.3709,29.4377,0.0,84.0625,0.0,0.0,0.0,0.0,0.0,0.0,0.1653,0.8266,1.9643,0.0,2.6517
ga+slack,8,0.75,1.0,0.0,0.005,0.9967,0.9967,1.0,5.7692,28.8462,30.0771,0.0,87.5,0.0,0.0,0.0141,0.0094,0.0094,0.0,0.0534,0.2669,0.0875,0.0,0.0
ga+slack,8,0.85,1.0,0.0,0.8119,0.1936,0.1936,1.0,6.007,30.0351,30.0478,0.0,87.5,0.0,0.0,0.0569,0.0592,0.0592,0.0,0.013,0.0649,0.0608,0.0,0.0
ga+slack,8,0.95,1.0,0.0,0.841,0.1641,0.1641,1.0,7.2277,36.1387,36.1479,1.0,97.1875,0.0,0.0,0.0681,0.069,0.069,0.0,0.0752,0.3758,0.381,0.0,0.5786
ga+slack,8,1.0,0.0,0.0436,0.9884,0.0116,0.0116,1.0,7.6,38.0,38.0,1.0,100.0,0.0,0.0226,0.0125,0.0125,0.0125,0.0,0.0,0.0,0.0,0.0,0.0
ga+slack,16,0.25,1.0,0.0,0.0,1.0,1.0,1.0,5.3957,26.9784,42.3363,0.0,69.6875,0.0,0.0,0.0,0.0,0.0,0.0,0.0988,0.4941,0.284,0.0,0.4725
ga+slack,16,0.5,1.0,0.0,0.0,1.0,1.0,1.0,8.4913,42.4567,55.4216,0.0,82.6562,0.0,0.0,0.0,0.0,0.0,0.0,0.1717,0.8585,0.8167,0.0,0.6469
ga+slack,16,0.75,1.0,0.0,0.0,1.0,1.0,1.0,11.2203,56.1014,58.9912,0.0,87.8125,0.0,0.0,0.0,0.0,0.0,0.0,0.1093,0.5466,0.1755,0.0,0.3341
ga+slack,16,0.85,1.0,0.0,0.7478,0.2608,0.2608,1.0,11.9722,59.8612,59.8945,0.8677,88.6719,0.0,0.0,0.0424,0.0427,0.0427,0.0,0.0842,0.4208,0.4263,0.3507,0.4005
ga+slack,16,0.95,1.0,0.0,0.6245,0.3904,0.3904,1.0,14.7271,73.6353,73.6913,1.0,99.7656,0.0,0.0,0.0409,0.0437,0.0437,0.0,0.0821,0.4107,0.426,0.0,0.3235
ga+slack,16,1.0,0.0,0.0314,0.9972,0.0028,0.0028,1.0,14.8,73.9998,74.0,1.0,100.0,0.0,0.0119,0.0052,0.0052,0.0052,0.0,0.0001,0.0005,0.0,0.0,0.0
ga+slack,32,0.25,1.0,0.0,0.0,1.0,1.0,1.0,10.1002,50.5009,77.086,0.0,66.5625,0.0,0.0,0.0,0.0,0.0,0.0,0.1985,0.9923,1.5263,0.0,0.7835
ga+slack,32,0.5,1.0,0.0,0.0,1.0,1.0,1.0,15.956,79.7801,99.6794,0.0,78.2031,0.0,0.0,0.0,0.0,0.0,0.0,0.2812,1.4059,2.6505,0.0,1.1174
ga+slack,32,0.75,1.0,0.0,0.0361,0.9661,0.9661,1.0,22.0628,110.3141,114.2512,0.1488,86.3281,0.0,0.0,0.0756,0.0719,0.0719,0.0,0.7334,3.6671,4.0142,0.2756,1.9246
ga+slack,32,0.85,1.0,0.0,0.5616,0.4578,0.4578,1.0,24.0229,120.1144,120.3197,0.9766,90.1562,0.0,0.0,0.0786,0.0801,0.0801,0.0,0.1439,0.7196,0.7328,0.013,0.2362
ga+slack,32,0.95,1.0,0.0,0.5234,0.4959,0.4959,1.0,29.1438,145.7192,145.8971,1.0,99.9609,0.0,0.0,0.0944,0.0909,0.0909,0.0,0.0567,0.2837,0.291,0.0,0.1105
ga+slack,32,1.0,0.0,0.0339,0.9965,0.0035,0.0035,1.0,29.2,146.0,146.0,1.0,100.0,0.0,0.0122,0.0029,0.0029,0.0029,0.0,0.0,0.0,0.0,0.0,0.0
rl+rl,8,0.25,1.0,0.0,0.0,1.0,1.0,1.0,2.7947,13.9737,23.8903,0.0,64.8438,0.0,0.0,0.0,0.0,0.0,0.0,0.0525,0.2623,1.7623,0.0,0.4419
rl+rl,8,0.5,1.0,0.0,0.0,1.0,1.0,1.0,4.416,22.08,29.6395,0.0,76.25,0.0,0.0,0.0,0.0,0.0,0.0,0.0878,0.4388,0.7513,0.0,2.3146
rl+rl,8,0.75,1.0,0.0,0.0331,0.9792,0.9792,1.0,5.7384,28.6921,30.1506,0.0,86.4062,0.0,0.0,0.0346,0.0245,0.0245,0.0,0.0418,0.209,0.1369,0.0,1.0432
rl+rl,8,0.85,1.0,0.0,0.7992,0.2026,0.2026,0.9877,6.0279,30.1395,30.3078,0.1217,87.5,0.0,0.0,0.0843,0.0846,0.0846,0.0188,0.0255,0.1276,0.0832,0.3443,0.0
rl+rl,8,0.95,1.0,0.0,0.8092,0.1909,0.1909,0.9359,7.1514,35.757,35.8381,0.9957,96.5625,0.0,0.0,0.073,0.0731,0.0731,0.038,0.0648,0.324,0.3321,0.0018,0.5786
rl+rl,8,1.0,0.0,0.0305,0.9584,0.0416,0.0416,0.7473,7.5727,37.8635,37.8971,0.9979,99.8438,0.0,0.0275,0.0366,0.0366,0.0366,0.1001,0.0581,0.2907,0.291,0.002,0.4419
rl+rl,16,0.25,1.0,0.0,0.0,1.0,1.0,1.0,5.0198,25.0988,42.3383,0.0,62.5,0.0,0.0,0.0,0.0,0.0,0.0,0.1303,0.6514,2.2717,0.0,0.0
rl+rl,16,0.5,1.0,0.0,0.0,1.0,1.0,1.0,8.4039,42.0197,56.1975,0.0,74.9219,0.0,0.0,0.0,0.0,0.0,0.0,0.1359,0.6797,1.5886,0.0,0.221
rl+rl,16,0.75,1.0,0.0,0.0194,0.987,0.987,1.0,11.1414,55.7072,58.9627,0.0,87.1094,0.0,0.0,0.017,0.0118,0.0118,0.0,0.1448,0.724,0.1595,0.0,1.0531
rl+rl,16,0.85,1.0,0.0,0.858,0.144,0.144,0.993,11.6959,58.4793,59.1504,0.0,87.7344,0.0,0.0,0.0545,0.0548,0.0548,0.0059,0.0194,0.0969,0.061,0.0,0.465
rl+rl,16,0.95,1.0,0.0,0.8995,0.1005,0.1005,0.9805,13.7493,68.7467,68.8813,0.9953,95.8594,0.0,0.0,0.0665,0.0665,0.0665,0.0153,0.0889,0.4445,0.4764,0.0015,0.3235
rl+rl,16,1.0,0.0,0.0264,0.9734,0.0266,0.0266,0.8551,14.794,73.9699,74.0,0.9997,100.0,0.0,0.006,0.0264,0.0264,0.0264,0.0447,0.0048,0.0241,0.0,0.0006,0.0
rl+rl,32,0.25,1.0,0.0,0.0,1.0,1.0,1.0,9.7535,48.7674,78.9394,0.0,62.4609,0.0,0.0,0.0,0.0,0.0,0.0,0.2291,1.1455,2.8872,0.0,0.1105
rl+rl,32,0.5,1.0,0.0,0.0027,0.9973,0.9973,1.0,16.3934,81.9671,104.6702,0.0,73.75,0.0,0.0,0.0029,0.0029,0.0029,0.0,0.2,0.9998,3.9344,0.0,0.0
rl+rl,32,0.75,1.0,0.0,0.0227,0.981,0.981,1.0,22.0329,110.1644,116.6015,0.0,86.6016,0.0,0.0,0.0154,0.013,0.013,0.0,0.153,0.7648,0.1407,0.0,0.4852
rl+rl,32,0.85,1.0,0.0,0.8582,0.152,0.152,0.9956,23.0349,115.1746,116.6457,0.0,87.4609,0.0,0.0,0.0376,0.0395,0.0395,0.0041,0.0667,0.3335,0.0887,0.0,0.4238
rl+rl,32,0.95,1.0,0.0,0.9116,0.0884,0.0884,0.9901,27.013,135.0648,135.282,0.9961,95.7031,0.0,0.0,0.0631,0.0631,0.0631,0.0073,0.141,0.705,0.7246,0.0009,0.277
rl+rl,32,1.0,0.0,0.0264,0.9844,0.0156,0.0156,0.9304,29.1884,145.942,146.0,1.0,100.0,0.0,0.0078,0.0162,0.0162,0.0162,0.0223,0.0041,0.0204,0.0,0.0001,0.0
