update,steps,episode_return,policy_loss,value_loss,entropy,approx_kl
1,2304,22.367381249115912,-0.0011534630536214063,2.2446299046278,3.6146407276391983,0.0010219966884505993
2,4608,24.76294705287594,-0.002646075650697355,0.2739556087180972,3.596695199608803,0.0034599741833289954
3,6912,26.012994976415044,-0.002327445573529152,0.20902453176677227,3.5948653519153595,0.0027667480743502892
4,9216,20.479600235905476,-0.0005461997599114365,0.21450265310704708,3.608654260635376,0.0010643763756661428
5,11520,21.91023888890728,-0.002134153413534401,0.22107743564993143,3.6080866008996964,0.0013211593013693346
6,13824,23.129203769803325,-0.0013129325749711707,0.1464716549962759,3.600339397788048,0.0007521445701286211
7,16128,22.900833144855486,-0.0017483739105349227,0.13459927961230278,3.595300406217575,0.0008111034975399889
8,18432,22.116893593134318,-0.0020089421644418903,0.15262217354029417,3.5954877734184265,0.0010094137854821383
9,20736,22.49102038504092,-0.0015291033644441732,0.13317309552803636,3.5794081687927246,0.0019980094382390234
10,23040,23.1039252382101,-0.001635717346112453,0.09416821273043752,3.5845005065202713,0.0023579870605203723
11,25344,23.962987456238892,-0.0026564191450436023,0.14152708696201444,3.5838327556848526,0.0028442798713399498
12,27648,25.45659612695671,-0.003760041899416422,0.09732022415846586,3.572694405913353,0.0033458417086649206
13,29952,25.193356738337762,-0.0010773921888661275,0.10579211311414838,3.5817136019468307,0.0010770038372811541
14,32256,25.463660414048455,-0.0013261191164575525,0.1328780804760754,3.588793784379959,0.0010090650048368843
15,34560,25.67128109309464,-0.0010017085553247207,0.17809659987688065,3.587158888578415,0.0009020032518947119
16,36864,25.114889785691545,-0.0009814460641198175,0.08066665288060904,3.589957132935524,0.0005568481208229059
17,39168,23.504405218237387,-0.002097573576166828,0.09565496211871505,3.5794314444065094,0.001430017766324454
18,41472,26.315014366727056,-0.002417973010778951,0.048212063033133745,3.5726369619369507,0.002519354818332431
19,43776,26.349572628908962,-0.0009379411512024198,0.08780750259757042,3.567413941025734,0.0009520605476609489
20,46080,25.488798739356763,-0.0007339725796100538,0.06642533000558615,3.561081647872925,0.00042358948451237666
21,48384,26.745580503083502,-0.0032803262718314463,0.062293241964653134,3.560906395316124,0.00364587635681346
22,50688,28.782302192213375,-0.0022155304037470257,0.06800963100977242,3.5548114627599716,0.0011961913340314823
23,52992,27.813860655839406,-0.0025682524814732988,0.06381365819834173,3.5427231937646866,0.00208179875494352
24,55296,27.345079124793582,-0.0009545646533726734,0.07586913905106485,3.5312382131814957,0.0015046259889004432
25,57600,26.629857382202754,-0.0013922620601836966,0.13505104510113597,3.528124377131462,0.0005975098182489091
26,59904,25.813552688836626,-0.0017944969643698128,0.07384213455952704,3.5134952515363693,0.0027107032427124977
27,62208,24.793132449493967,-0.001576890710572973,0.0649072250816971,3.5275916755199432,0.0024474422717730704
28,64512,26.005656912330956,-0.002777656380910931,0.03984492248855531,3.5478401631116867,0.002291405990661133
29,66816,23.718845084076467,-0.0010650811497422696,0.09999913536012173,3.5478689074516296,0.0018504395991385536
30,69120,25.96799854216535,-0.002484589482340538,0.053272505290806293,3.5401780158281326,0.0014883409552908233
31,71424,25.218069719388005,-0.0021771776997007303,0.06576435593888164,3.520780012011528,0.0021347985548345605
32,73728,27.28434596929813,-0.0017339766153175729,0.05749881896190345,3.4959365725517273,0.001789047786928677
33,76032,27.461091795438183,-0.001810281858221685,0.10367897432297468,3.4980831891298294,0.001528725070585324
34,78336,26.81021064774935,-0.0004009705780845252,0.05299807689152658,3.518400549888611,0.0010965552063737505
35,80640,23.331927208301536,-0.0013227253438748976,0.14072862174361944,3.5157832205295563,0.001055379630798825
36,82944,25.63590900050693,-0.0006878607708939756,0.0411903893109411,3.51876300573349,0.0007176311993362106
37,85248,26.88943729815399,-0.0019566245030853413,0.045226473128423095,3.520134374499321,0.0015380503296000825
38,87552,27.302414758938998,-0.0017684966833510576,0.06004339433275163,3.51448592543602,0.0009329193178473361
39,89856,25.215157724161617,-0.0012604362113929901,0.0651886451523751,3.5112809985876083,0.0011987442145482419
40,92160,27.150196103952695,-0.0024151770881467582,0.04973291279748082,3.501548543572426,0.002277996582392916
41,94464,27.855590145884907,-0.002238240333503616,0.040376495802775025,3.469300463795662,0.0018136701005460054
42,96768,27.788660679341675,-0.0015054196488664406,0.05798351066187024,3.4604346454143524,0.0025761371655335097
43,99072,26.480509441434677,-0.0006667576779667006,0.09434709046036005,3.4724082350730896,0.0015308151399722192
44,101376,24.967945992126598,-0.002637315383961121,0.07784583233296871,3.4692639261484146,0.002382886703060194
45,103680,22.46153897905547,-0.00047318793036134343,0.12323800101876259,3.4852309972047806,0.0005532401888785898
46,105984,23.71700697301252,-0.0013184352279343448,0.04069896740838885,3.4726110845804214,0.0010808236691559614
47,108288,25.353371858642358,-0.0019822009673791663,0.06102896691299975,3.469324693083763,0.0015561144261937443
48,110592,25.589540273748845,-0.0027019558299596347,0.05110603850334883,3.485585168004036,0.0031962489517809445
49,112896,25.530093905346167,-0.001395858171134856,0.062209561932832,3.499268114566803,0.0017034371974204987
50,115200,28.521179850326927,-0.0010534820459421335,0.054628780810162425,3.4966457784175873,0.0011569784386438187
51,117504,30.0225955241196,-0.0013074748039798578,0.058470295974984765,3.5064251720905304,0.0009489010382139895
52,119808,29.263513015626177,-0.0003094483988408947,0.058021624106913805,3.5241113007068634,0.0006435922546756956
53,122112,26.821585362791193,-0.0027890182257376828,0.09803846618160605,3.5159724056720734,0.0022950382696649285
54,124416,27.38495182096829,-0.0022950771289187433,0.050112354569137096,3.503748193383217,0.002618473386291953
55,126720,27.14320709964636,-0.0019000804899051982,0.12074929475784302,3.495032086968422,0.0018635545111465035
56,129024,27.86940764086171,-0.0014846520904130411,0.05891307140700519,3.497688055038452,0.0010411199982627295
57,131328,26.25913483046317,-0.0015666502380453362,0.03925605118274689,3.5374722480773926,0.0020099760384937326
58,133632,26.421408064074637,-0.0019551408621130972,0.04702046234160662,3.5428890883922577,0.002020541142314869
59,135936,29.32620562148787,-0.0018268093831466103,0.06128256511874497,3.532129317522049,0.0019361160855169146
60,138240,29.736902319295908,-0.0003968485914987996,0.049824990099295974,3.516215518116951,0.00040356124713980535
61,140544,29.858376630235117,-0.0018543897006869092,0.0527694346383214,3.5323838591575623,0.0024644235749065047
62,142848,26.94338938671674,-0.0019640706334863867,0.07536256709136069,3.5434314161539078,0.0018628218201683922
63,145152,25.77348854243779,-0.0009073789369722363,0.08441484859213233,3.5409445017576218,0.0009368294047362724
64,147456,26.386502923115536,-0.0026559205428687283,0.04072024184279144,3.5382679104804993,0.002276045610415167
65,149760,23.30723512690124,-0.002177869278006672,0.09796480927616358,3.531539022922516,0.0014902027405696572
66,152064,23.034032325534483,-0.0005573948539374096,0.05580940027721226,3.506545126438141,0.0008776482042094358
67,154368,24.731071506893095,-0.00331702649656207,0.05225768079981208,3.5047507286071777,0.0024626700646876998
68,156672,27.317299896476744,-0.0016482168385260204,0.06594648258760571,3.496776282787323,0.0018215291870546935
69,158976,27.49929737572654,-5.957385772292767e-05,0.07273593218997121,3.4938742220401764,0.0006498873083842227
70,161280,26.59033423653862,-0.002246653153280098,0.052563294069841504,3.4784251153469086,0.0019143630734674844
71,163584,29.242403922051817,-0.0014721210216319114,0.05498205148614943,3.497465670108795,0.0013949197086731147
72,165888,28.770141369916036,-0.002881160776976477,0.03796641586814076,3.4880735874176025,0.00227622075351519
73,168192,26.71882628222776,-0.001156626579788489,0.07730381283909082,3.460337445139885,0.0004629369373674308
74,170496,24.88682966946292,-0.0009452588427242004,0.11563381692394614,3.4589314609766006,0.0011638634507562529
75,172800,25.880079677307457,-0.0027605413444386218,0.04359149420633912,3.47031532227993,0.0018204780823857113
76,175104,26.486215790046245,-0.001367426399105573,0.06566864345222712,3.47759248316288,0.0015751733155866532
77,177408,25.620869696602494,-0.0032795261245660567,0.03766526165418327,3.4884051382541656,0.0023622216479250507
78,179712,26.941101054969312,-0.0005283951708811019,0.048004706390202045,3.481196030974388,0.0011117197686871805
79,182016,27.037176369511794,-0.0019943185854774392,0.042758123483508825,3.457985207438469,0.0026282939915063253
80,184320,24.890729030931993,-0.0011577555322017166,0.08204082073643804,3.4388722330331802,0.001372621176415123
81,186624,25.458712515175943,-0.0015208008390017215,0.04158727778121829,3.4485636800527573,0.002327066346651918
82,188928,27.53612116046932,-0.0008684300382558116,0.04314640327356756,3.4716036915779114,0.0010406248900507206
83,191232,25.12387328904264,-0.0008218605101748544,0.09145103953778744,3.4831530302762985,0.0008862075268893932
84,193536,24.957362644263767,-0.0008983249609981758,0.11940152524039149,3.476005047559738,0.0007251487305097726
85,195840,25.87102162804969,-0.001879793714073874,0.04822041350416839,3.4520086348056793,0.0015432581659650976
86,198144,28.928884569996598,-0.0036066757885337974,0.04406336462125182,3.430828332901001,0.0036364491302391696
87,200448,27.12796764357198,-0.0006035678609634942,0.07988542038947344,3.397037982940674,0.0010233425596197776
88,202752,27.784451123434643,-0.0012227423658323078,0.049982155207544565,3.4369878470897675,0.0019201948008458203
89,205056,26.74812217268901,-0.0010376086854901392,0.06965778232552111,3.452908471226692,0.0008441319426992777
90,207360,29.75868025138461,-0.002843824513244428,0.04711950174532831,3.4668668806552887,0.0035854872339768917
91,209664,28.88885918618592,-0.0014744737740733926,0.06559068593196571,3.4500886648893356,0.0017020492059600656
92,211968,29.85862495337014,-0.0013580970947689175,0.056812255876138806,3.4725974947214127,0.0018398618805122169
93,214272,27.0325183977434,-0.001557620326221032,0.05179604166187346,3.4746749997138977,0.001457304237432153
94,216576,27.378362207345763,-0.0004787651266977,0.11788142053410411,3.4827839136123657,0.0008747045940253884
95,218880,27.927189245427016,-0.002200450152789357,0.0495782527141273,3.45018707215786,0.0011813449468276202
96,221184,28.975147105403245,-0.0012919548475009979,0.04755607177503407,3.462421476840973,0.0017084658957173815
97,223488,28.277198724586224,-0.0034394044043640215,0.05759517406113446,3.465710833668709,0.0038462736429210054
98,225792,26.84427696612218,-0.0003612578639149433,0.07187783438712358,3.466778799891472,0.0010235852406721177
99,228096,27.88652010531613,-0.0012501866142176632,0.045313454465940595,3.4830883592367172,0.0027366370782146987
100,230400,27.39333551184096,-0.0008499244179094867,0.03866726811975241,3.4951558858156204,0.0006751800859774448
101,232704,26.298865661507293,-0.0003066133310009045,0.06023709895089269,3.4913874566555023,0.0013152013750641345
102,235008,25.763294686452863,-0.0008812185832690889,0.08416902739554644,3.4821168929338455,0.0010153220431448062
103,237312,25.881764202323403,-0.0011538886300412644,0.055549606680870056,3.481427863240242,0.0009280971996759035
104,239616,25.9566278180678,-0.000979292902760165,0.12045239703729749,3.45719450712204,0.0014358000562424422
105,241920,27.548743543143587,-0.000335142908524072,0.0898955874145031,3.4336701780557632,0.0009719160364056734
106,244224,26.844992200173476,-0.0012896228160520357,0.04364575678482652,3.449334964156151,0.0007041563410565585
107,246528,28.12155563236396,-0.001991388395860369,0.054188047302886844,3.445701003074646,0.0014362521437760734
108,248832,26.359037598639567,-0.0026441070463079086,0.053193703992292285,3.43319308757782,0.002604715667303026
109,251136,28.080129956569017,-0.0023755167203994842,0.044007393065840006,3.438113272190094,0.0015782488708850906
110,253440,29.89460945157415,-0.0023496414632720453,0.04076427477411926,3.4162438213825226,0.0019419671315416861
111,255744,28.006672686955056,-0.0020491559990760966,0.05065958830527961,3.374021455645561,0.001229052240432793
112,258048,26.8475627689286,-0.002781908362824992,0.0935568215791136,3.4031466990709305,0.002090960771207998
113,260352,29.06247670578864,-0.00029963883589012585,0.058074119966477156,3.413514643907547,0.0005506408847395505
114,262656,27.149751742486078,-0.0014771080394792857,0.12021843437105417,3.4033713191747665,0.0018932369902257859
115,264960,25.855409866520887,-0.0013915322526448226,0.03801168943755329,3.4030949026346207,0.0012347462224069103
116,267264,25.44439215251373,-0.0009517117844602963,0.054636056534945965,3.430456906557083,0.0011525727189791724
117,269568,26.46804764737155,-0.0012165885158942347,0.06955155823379755,3.4405956268310547,0.0009881658018002781
118,271872,24.743334738517778,-0.0028614274456231215,0.05344824027270079,3.4393353015184402,0.0016055681455782178
119,274176,27.55949697493631,-0.0016863813111708884,0.05770231317728758,3.398580849170685,0.001906877479895128
120,276480,28.665826897364223,-0.001113890413004498,0.04204429732635617,3.3931697458028793,0.0006357323834436102
121,278784,28.690591768445064,-0.0021042489306384304,0.04864060855470598,3.3978798538446426,0.0016679918840180915
122,281088,29.009248812922195,-0.0013025938831864037,0.08258216315880418,3.396105855703354,0.0015501456396123103
123,283392,29.05146622311143,-0.00044509251781871956,0.08023185282945633,3.4176322519779205,0.0006750033927573895
124,285696,27.600835119016228,-0.0010401434802689538,0.11841686302796006,3.398044988512993,0.0020181836117040396
125,288000,27.618948893025898,-0.0016969013624676954,0.061024715192615986,3.4249060302972794,0.0018623748394601433
126,290304,28.67813595421389,-0.003278991268075515,0.033811072120442986,3.4411029666662216,0.002243056096580808
127,292608,28.604894638592526,-0.0009463405286219695,0.0656744206789881,3.451272130012512,0.0012401846193610152
128,294912,28.145584064781414,-0.00017297947013300563,0.07354977610521019,3.4654326140880585,0.0007672021669122842
129,297216,28.652200801972057,-0.005658019721320462,0.04499866906553507,3.423664852976799,0.0041159442002935975
130,299520,31.108858733597863,-0.00180909774988125,0.03213956474792212,3.433368965983391,0.001743299654663133
131,301824,29.81272732929563,-0.0014135866403093278,0.05577815091237426,3.4185679852962494,0.002283988936142123
132,304128,28.834524515252596,-0.0013861950489829009,0.0916205570101738,3.372808203101158,0.0009594562754955405
133,306432,30.215977683756172,-0.0016285730802489407,0.0983583708293736,3.3483252972364426,0.0018047976707293856
134,308736,27.873055895521002,-0.0005706581164809377,0.09005168499425054,3.320571616292,0.0013976183751209545
135,311040,26.598423086453177,-0.0010599346531610654,0.04808895057067275,3.338863968849182,0.0009150581370249711
136,313344,26.568778011706254,-0.0020525879159928873,0.040278130909428,3.349418729543686,0.0016287506587104872
137,315648,26.453809067498288,-0.00035641049824639004,0.06391852418892086,3.3649086505174637,0.0009849047765379106
138,317952,26.094208839786237,-0.001214654486406952,0.040529076708480716,3.3724763095378876,0.001382367084602265
139,320256,25.035227024605902,-0.002583380416682407,0.04221318894997239,3.365447238087654,0.0033135431990558573
140,322560,30.102228863019356,-0.002534236714180016,0.04432177031412721,3.352913558483124,0.0022732543147867545
141,324864,29.84948768400024,-0.001154929790168846,0.08760261908173561,3.348128452897072,0.001383528459364748
142,327168,27.027321289690352,-0.0008164186009607111,0.10123438108712435,3.3293534368276596,0.0013954951701988546
143,329472,26.97920092593058,-0.0008400717314411277,0.14342528535053134,3.3286927342414856,0.00230276411275554
144,331776,28.21483996016268,-0.0019102338861658706,0.032721063354983926,3.3351814597845078,0.0011590019269078766
145,334080,27.3641171556668,-0.0005802981445539312,0.04449619259685278,3.3518621176481247,0.0006442365955889626
146,336384,27.154167329534562,-0.0020641883169850578,0.03597858839202672,3.365476116538048,0.0015918269319980835
147,338688,26.722148677442927,-0.002893463980803465,0.044092423282563686,3.3413425385951996,0.0035220566024034066
148,340992,28.1934298063012,-0.002160078427525358,0.06343138357624412,3.343945324420929,0.002507909438918432
149,343296,28.47730270210146,-0.00045798781752637296,0.057214872213080525,3.3372539430856705,0.0015089341478516064
150,345600,29.12437762774607,-0.0018711050152735997,0.059133024886250496,3.381713017821312,0.0014467235403369865
151,347904,28.180184107583745,-0.0016188720496251724,0.05034642550162971,3.3617012798786163,0.0018253979405926657
152,350208,27.008377245482617,-0.0011248748402926528,0.08259845292195678,3.386659786105156,0.0013723697111345246
153,352512,25.679616193849153,-0.0019387087251929724,0.1327240359969437,3.34944786131382,0.001218219525235832
154,354816,27.05683665084932,-0.0028516767170508883,0.04913480975665152,3.3364879935979843,0.001705971028059139
155,357120,26.364529530468854,-0.0012700785698724626,0.057965554762631655,3.3187379091978073,0.0010169694213004732
156,359424,26.64337598604612,-0.0010576806721979137,0.04600829421542585,3.3395027071237564,0.00223058955725719
157,361728,26.95648453343818,-0.0019491523750932438,0.04686462692916393,3.365392655134201,0.0011755122006888996
158,364032,29.608585520384295,-0.0019396409842708517,0.04396191006526351,3.3593365103006363,0.001057620637324261
159,366336,30.5174805074221,-0.0023335293143544877,0.07192988134920597,3.3386040925979614,0.0018354455064076723
160,368640,30.12857352053875,-0.0008215840449565803,0.04170688590966165,3.3087383061647415,0.0004450825533695024
161,370944,30.16472313662479,-0.0022817380659539976,0.078777558170259,3.3006153404712677,0.00162453413953598
162,373248,29.049941871898262,-0.0016541423071506633,0.05047880997881293,3.325340375304222,0.0015866426122101984
163,375552,28.139472873983877,-0.0002809823186503829,0.13299903133884072,3.337216377258301,0.0008591814894316485
164,377856,28.302247009476403,-0.0016012540608143222,0.045881801284849644,3.3252836167812347,0.002024044842629438
165,380160,27.525717503101763,-0.0009605395489415969,0.05182944284752011,3.2973434776067734,0.0004727518371636405
166,382464,29.149927891815786,-0.0013727714018993142,0.045301762176677585,3.2787253111600876,0.0010906785113952032
167,384768,28.91986350023267,-0.002253210414791207,0.054750916082412004,3.2610481679439545,0.001944194371288985
168,387072,28.513310306855466,5.202150108135628e-05,0.0417776620015502,3.255255416035652,0.001075702995649408
169,389376,29.28235880890807,-0.00032978211851919514,0.07656733458861709,3.224768176674843,0.000730566810716482
170,391680,28.616868791740554,-0.001070641548469413,0.07271594274789095,3.240716502070427,0.0009639101163985389
171,393984,27.915277022539673,-0.0009217977652345444,0.10205237986519933,3.2471084743738174,0.0013197602079344506
172,396288,27.331093405046627,-0.0004691744905092783,0.04413356306031346,3.274746373295784,0.00047816317567139777
173,398592,24.658890847993217,-0.0035676526672937664,0.12342983949929476,3.260575696825981,0.003467353615178581
174,400896,26.730188722817292,-0.0014002554895442554,0.041843919549137354,3.2574353367090225,0.0009449227097775292
175,403200,27.243067273223478,-0.0031099246740622366,0.036882266169413924,3.249438390135765,0.0022716379986889024
176,405504,28.339253782996742,-0.0013720208087559804,0.04598155780695379,3.2481330186128616,0.0011890354371770526
177,407808,27.347738310944543,-0.002729069358944486,0.08676773961633444,3.1927189230918884,0.0025730517773594227
178,410112,28.940657844404463,-0.0018584263507364085,0.052631046157330275,3.2421381920576096,0.003009563676465
179,412416,30.502237001789634,-0.0005199348121702196,0.07693394320085645,3.282896101474762,0.0018199975162234397
180,414720,29.220622457053704,-0.001152330348102415,0.05469953361898661,3.3018617928028107,0.0008185436993370684
181,417024,29.31033384097575,-0.0009645064394842584,0.07757497811689973,3.3110083490610123,0.0005754337693701927
182,419328,28.952790565801934,-0.00241714556356476,0.058422056725248694,3.2888765931129456,0.0017642091670053458
183,421632,27.888057601209685,-0.0013360504658521677,0.11538076354190707,3.3065444380044937,0.0014651170576043013
184,423936,28.464703481208435,-0.002521760201084855,0.04910398763604462,3.2755527049303055,0.0020445167983780266
185,426240,27.940238177979555,-0.00241936730890302,0.045844753505662084,3.2468464374542236,0.0014972503169019546
186,428544,27.63431397177996,-0.0016371407750234157,0.04984383238479495,3.2800382375717163,0.0016651446629920327
187,430848,28.91878680144251,-0.0008546628499364883,0.06064352858811617,3.296612173318863,0.001841031434537399
188,433152,26.689151213385948,-0.0010975659679388627,0.06367123243398964,3.2740678936243057,0.0017204451019097178
189,435456,28.605199901462502,-0.0014999995560679436,0.04131095600314438,3.242963492870331,0.002518475039778423
190,437760,29.67547602256177,-0.0014796023183360207,0.05954283010214567,3.197959840297699,0.001623658158678154
191,440064,27.466136717058234,-0.0021718813921122737,0.09638758050277829,3.1944317519664764,0.0016655028032346308
192,442368,27.67876390178339,-0.0013615715463907302,0.05478949053213,3.1563286632299423,0.0011453158093672755
193,444672,28.16092888192741,-0.000637114699404473,0.10044753062538803,3.1507333666086197,0.0002759455657610488
194,446976,29.69773783646816,-0.00116010128365613,0.04118302674032748,3.1512321382761,0.000540234168738607
195,449280,28.250037212763345,-0.000699841954378333,0.07124574785120785,3.136639326810837,0.000367097592970822
196,451584,29.921995551246795,-0.0002909772009742351,0.05715479515492916,3.137902930378914,0.00016437523676257918
197,453888,29.60370236425385,-0.0015116654429271348,0.058485135436058044,3.1354858428239822,0.0011344978709202122
198,456192,29.885644163285946,-0.0013862259922663989,0.05138605670072138,3.1479870975017548,0.0008861953426857225
199,458496,31.63372609724942,-0.0017259589889767491,0.04608545755036175,3.132928892970085,0.0020822706616741016
200,460800,29.59001133027888,-0.001622278480529829,0.06347649521194398,3.169402524828911,0.002025614763422507
201,463104,28.062303099821605,-0.0008960061269299852,0.08709421008825302,3.16771699488163,0.0007947507624016402
202,465408,29.115029626344764,-0.0013644396496803601,0.08464811067096889,3.1815649271011353,0.0013949091244285228
203,467712,30.510975089531513,-0.001036563331480389,0.057150759268552065,3.1520492285490036,0.0007468055246893828
204,470016,28.46201977700033,-0.0019019542745202928,0.03806496749166399,3.1611923426389694,0.0019356253353129836
205,472320,29.33701410684362,-0.0013637982144448163,0.06117994571104646,3.1620021909475327,0.0010584943456706242
206,474624,27.68798047785016,-0.001872090023880446,0.07292177178896964,3.17180797457695,0.0009711233500979688
207,476928,29.204160856236072,-0.00175173192294803,0.05814706580713391,3.190994456410408,0.0006340912116166288
208,479232,27.63622043407464,-0.0015758765877207093,0.05031441943719983,3.1755440831184387,0.0007752100492552927
209,481536,28.195167141184132,-0.0003211481761253854,0.058910146821290255,3.1607160419225693,0.0006316690308949546
210,483840,27.73651803218749,-0.001723935078694519,0.03964749746955931,3.162015065550804,0.0010232660323986741
211,486144,26.211226271831748,-0.0003224300126021262,0.09433072712272406,3.121639519929886,0.0006603811654536508
212,488448,27.205495812891836,-0.0005048582490114195,0.12132278038188815,3.142958626151085,0.0009233697607113653
213,490752,27.742296877350213,-0.002494824765250314,0.08238892024382949,3.133937045931816,0.0013695138549047038
214,493056,27.779357383793272,-0.0014870521505246058,0.054072995437309146,3.1340487599372864,0.0010269503739234803
215,495360,27.477973868161733,-0.0010736569329310441,0.05230675847269595,3.1016201972961426,0.0009627391608420213
216,497664,28.092148992673952,-0.002091258116100392,0.06505559687502682,3.1099824756383896,0.001378844819151305
217,499968,29.415378954288116,-0.0016988363198733314,0.03865962626878172,3.0876543074846268,0.0016592345833714717
218,502272,28.367884092756213,-0.0006401307662697864,0.04057069239206612,3.062223792076111,0.0012131241007738128
219,504576,29.673969028067567,-0.0010469733918449103,0.0420526557136327,3.058623433113098,0.0006628680301301098
220,506880,28.496885734727922,-0.0027650217905627605,0.06843021837994456,3.027806431055069,0.0019559095112779484
221,509184,28.947314478391537,-0.001441594070456631,0.0696103130467236,2.9811233580112457,0.0009944418459831973
222,511488,24.960568549513237,-0.0005869988854101393,0.1322179427370429,2.9778200834989548,0.0004570157629536374
223,513792,26.828269080542647,-0.0004596258371141748,0.057786252815276384,2.9714137613773346,0.00015133860230776008
224,516096,24.970050205797385,-0.002149677259795757,0.05838094302453101,2.934259608387947,0.0005133078571412221
225,518400,26.899910243838022,-0.000849864177426829,0.043347350088879466,2.913730427622795,0.000499092376129637
226,520704,27.49166512253186,-0.002471498978909248,0.06012877239845693,2.9556788355112076,0.0015614762646944452
227,523008,26.654744322139425,-0.0005649866107507173,0.04651743872091174,2.96782648563385,0.00032640016753602034
228,525312,27.834692533363686,-0.000987268668521002,0.049759711138904095,2.943351626396179,0.001080037818837809
229,527616,29.483444150844733,-0.000963438957241023,0.05515672592446208,2.950626954436302,0.0006460113602742013
230,529920,29.114654440582054,-0.0011202135240435673,0.08703140984289348,3.024352505803108,0.0014837388203103627
231,532224,28.60246483149193,-0.0005372199818036161,0.07792981085367501,2.9848188310861588,0.00019797323830061941
232,534528,28.661469465943842,-0.0011176754873708367,0.11668430361896753,3.007125198841095,0.0007999189669602755
233,536832,28.061397969839746,-0.0008303758280716611,0.053495671367272735,2.982923373579979,0.0007931142484159813
234,539136,29.708062758676213,-0.0019800146399372998,0.03824100526981056,2.9483378380537033,0.0012388175230739762
235,541440,30.039720167577634,-0.0009532536456996754,0.05178598244674504,2.958329886198044,0.000477157593874406
236,543744,27.94964209410935,-0.0014727273075247072,0.06140724802389741,2.9876653105020523,0.001619272230426658
237,546048,30.348928026867625,-0.0010082520191442915,0.041463321540504694,2.969394877552986,0.0006782253407272441
238,548352,32.06412214548128,-0.0009052286946674357,0.03698957106098533,2.98793762922287,0.0004119106271723973
239,550656,30.052564667960855,-0.00031317644392617194,0.05678479140624404,2.954537808895111,0.0001633251946992053
240,552960,29.218236924783387,-0.0004516747578691138,0.08646869682706892,2.973015233874321,0.0006152380423271905
241,555264,30.82434586362051,-0.0008485656409852327,0.07260038633830845,2.988930121064186,0.00023496197621852843
242,557568,26.490874996951774,-0.000245832877731611,0.142029270529747,2.9951222091913223,0.00022337498445779147
243,559872,26.776964076323075,-0.00041391338714270864,0.05520903435535729,3.0329853296279907,0.0002005053648588273
244,562176,27.513663878133364,-0.0013608696589244573,0.04712202702648938,3.069941684603691,0.00036666189583911546
245,564480,27.610998783054715,-0.00010958309727963911,0.0620750174857676,3.030666545033455,0.0003138182915576079
246,566784,26.55174903937198,-0.001998074953629865,0.05654994444921613,3.0527341961860657,0.0015170665216146517
247,569088,27.773965652915475,-0.0007532251926629097,0.04032871301751584,3.0930997282266617,0.000488668058778785
248,571392,29.700555260329224,-0.0017407683327392842,0.03856178862042725,3.0912419259548187,0.0012038539711340945
249,573696,29.125757725083922,-0.0005809138394094471,0.07730989065021276,3.0765078961849213,0.0010150354939292407
250,576000,27.38093325915588,-0.0015052934263400791,0.09220351139083505,3.089035227894783,0.000673014022481766
251,578304,29.555199257941798,-0.0013034364370569929,0.05082769342698157,3.083714574575424,0.0011475374596001428
252,580608,27.813347700111237,-0.00043507867561248803,0.12459344789385796,3.10908280313015,0.0003705736545372121
253,582912,30.628295799291735,-0.0003206284654374558,0.05025654751807451,3.1095329970121384,0.0001071378449408497
254,585216,27.52547716189705,-0.0006856237611019278,0.037227938417345285,3.10531385242939,0.00031452842307544415
255,587520,29.594532312109614,-0.0003994512306048914,0.04702833038754761,3.106506496667862,0.00028344020507454896
256,589824,27.302542715315596,-0.0009617770750638688,0.05802711518481374,3.11641027033329,0.000940598417525646
257,592128,30.74951092369,-0.0018016491041331906,0.04932183772325516,3.09114271402359,0.001026241845595324
258,594432,29.019820213571112,-0.0002228136221573418,0.03808514052070677,3.1425431966781616,4.7796997321825074e-05
259,596736,29.32710827780859,-0.0005227274263133186,0.061132482485845685,3.131718158721924,0.0006125750430909546
260,599040,25.764594101727106,-0.0006531502134647649,0.1101132151670754,3.106885239481926,0.00021575628352366039
261,601344,27.23291963053005,-0.0010129532851250733,0.06309709674678743,3.1261321902275085,0.00039712370715329196
262,603648,28.265380950808066,-0.0012151795440836777,0.08746065851300955,3.117229238152504,0.0012349748729434395
263,605952,27.98525879026403,-0.0010019568337863993,0.036315077217295766,3.13072606921196,0.0002835080799867581
264,608256,26.842892080768788,-4.809463267621203e-05,0.04290461563505232,3.1172404289245605,0.00012046553928257708
265,610560,28.471099311361105,-0.0006465310687720632,0.04751616204157472,3.1091963201761246,0.00037216640414941245
266,612864,30.109839038790778,-0.0015423279281649993,0.055561135057359934,3.1094834953546524,0.0006367216683429433
267,615168,29.34623738799451,-0.0004937360964100135,0.07645670883357525,3.0882893204689026,0.0005296559289149627
268,617472,29.576758183113224,-0.0009203054493518437,0.049433279084041715,3.0798042118549347,0.0002265741772262686
269,619776,30.376528112603072,-0.0001492808012497071,0.04470087634399533,3.077241137623787,0.0001467578293083225
270,622080,28.952062220326535,-0.0007220387557632935,0.09251799364574254,3.0870706737041473,0.00036569252194240676
271,624384,29.631617260828182,-0.0002517969002535092,0.08080185623839498,3.0774352103471756,0.000282871183300257
272,626688,28.759389187583793,-0.0005757003926494808,0.05143864522688091,3.0715009570121765,0.00021491157564036537
273,628992,29.53217066781177,-0.0007139782800007488,0.04127833037637174,3.0856639593839645,0.0003530042948796108
274,631296,29.89776704445186,-0.001071464750313833,0.03680620389059186,3.0898779779672623,0.0008518097762362231
275,633600,29.393231405279156,-0.00035439611979865004,0.05278966319747269,3.088095411658287,0.00013189764716198867
276,635904,29.28173993387834,-0.0011752104588190898,0.05053124274127185,3.0855296850204468,0.0010156742309277433
277,638208,30.19950235961841,4.7335272434945175e-05,0.07569495867937803,3.0836514085531235,2.670470601273678e-05
278,640512,29.97514505956942,-0.00040427988778901636,0.05003638123162091,3.0816657841205597,8.580804301278663e-05
279,642816,28.65403975698129,-5.124340608136935e-05,0.04573626653291285,3.0981922149658203,0.00011340454369701547
280,645120,27.324803730927893,-0.00015245479068604073,0.11356409266591072,3.082958936691284,4.373619800190909e-05
281,647424,27.066908561963704,-0.0007008495537945691,0.13058930076658726,3.0683676451444626,0.00016747939144146073
282,649728,27.471626033627288,-0.0005229979386866812,0.04915787139907479,3.0839461386203766,0.00041754287332196327
283,652032,27.363066840377936,-0.00044606960702564535,0.04162426642142236,3.0664605498313904,0.00013868160472243736
284,654336,28.778012819550597,-0.00044856750904881393,0.037798135774210095,3.0950680524110794,0.00010830488646718095
285,656640,27.91595847185897,-0.00010064183346811598,0.07779954327270389,3.1065500527620316,1.8374851908475875e-05
286,658944,26.918294204637323,-0.00013246270150722717,0.05115716252475977,3.0532679110765457,3.5925108731404976e-05
287,661248,29.6342607678236,-0.0011954278058460277,0.03651238034944981,3.0526732951402664,0.0005560330416045645
288,663552,30.32260655394837,-0.0007675247446362332,0.045247609028592706,3.0532305389642715,0.00044519950775010224
289,665856,31.136327888433033,-0.0003980443445672499,0.050594384083524346,3.0460415184497833,4.3919399641051925e-05
290,668160,29.324802817563732,-0.0009714076113343448,0.08019095752388239,3.0204229652881622,0.00020749903770480834
291,670464,28.386843180041033,-0.00016473319247878315,0.1283443309366703,3.017995521426201,8.722531525506838e-05
292,672768,28.713224276836296,5.030101482991767e-06,0.04627128993161023,3.0465880930423737,2.7612152688760716e-05
293,675072,28.493534551492925,-0.00011850901387017859,0.04656564095057547,3.0072456151247025,1.1321444984169204e-05
294,677376,27.079220579643174,-0.0001571682662099838,0.0517582418397069,3.0254691541194916,7.326789079343957e-06
295,679680,26.024244241879906,-0.00017252041680787533,0.05812071147374809,3.078253135085106,7.494930056139992e-06
296,681984,25.506824119057487,-0.0002721921488778589,0.04888617340475321,3.0183068960905075,3.4042912411121236e-05
297,684288,29.799673267623966,1.1924543691366196e-06,0.048798929899930954,3.0303535759449005,8.357336264808168e-06
298,686592,27.47223096815187,-9.358544947229985e-05,0.06987934722565114,3.068463072180748,2.2125928302862974e-06
299,688896,28.839102525159785,-2.6933816735031854e-05,0.09161855513229966,3.0161067098379135,1.645868479036288e-06
300,691200,27.5750796127918,-8.355529747600121e-05,0.04561465606093407,3.026741534471512,4.561401325098302e-06
301,693504,27.343937426305466,-0.0001536472313494741,0.13289451273158193,3.0097717344760895,7.381405559891974e-06
302,695808,29.730820613646827,-1.0310283794279229e-05,0.03487586148548871,3.0560653656721115,9.64432214509408e-07
303,698112,30.080362868418614,-4.3069140538420925e-06,0.06981146219186485,3.0200036019086838,2.1506437028777012e-07
